Project Name,Network,Total Raised,End Date,Round Type,Website
iAgent Protocol (Public - FCFS),BASE,0,Mar 12 2025,Public,https://www.iagentpro.com
iAgent Protocol (Public),BASE,0,Mar 04 2025,Public,https://www.iagentpro.com
MindAI (Public - FCFS),BNB,16004.08,Feb 18 2025,Public,https://www.mind-ai.io/
Pindora (Public - FCFS),BASE,114572.35,Feb 14 2025,Public,https://www.pindora.io/
Aikaverse (Public - FCFS),BASE,10862.78,Feb 11 2025,Public,https://aikaverse.ai/
Killer Whale (Public - FCFS),SOL,35043.7,Feb 07 2025,Public,https://killeragent.ai/
Killer Whale (Public),SOL,114956.285,Jan 31 2025,Public,https://killeragent.ai/
Aikaverse (Public),BASE,50624.854,Jan 30 2025,Public,https://aikaverse.ai/
Pindora (Public),BASE,209177.65,Jan 28 2025,Public,https://www.pindora.io/
MindAI (Public),BNB,41453.88,Jan 27 2025,Public,https://www.mind-ai.io/
AIvalanche DeFAI Agents (FCFS),"AVAX, BNB",11281.6,Jan 26 2025,Public,https://www.avaxai.org
AIvalanche DeFAI Agents,"AVAX, BNB",88718.395,Jan 23 2025,Public,https://www.avaxai.org
Punky (Private - FCFS 2),SOL,2732.16,Jan 21 2025,Private,https://punky.ai/
Punky (Public - FCFS),SOL,38870.12,Jan 21 2025,Public,https://punky.ai/
Punky (Private - FCFS),SOL,18182.5,Jan 21 2025,Private,https://punky.ai/
Searchpad (Public - FCFS),SOL,31765.94,Jan 17 2025,Public,https://www.searchpad.app
Searchpad (Private - FCFS),SOL,12990.85,Jan 17 2025,Private,https://www.searchpad.app
DTRXBT (Community Round - FCFS),BASE,8771.56,Jan 10 2025,Community Round,
Mystery Agent #1 (Community Round - FCFS),BASE,10405.64,Jan 10 2025,Community Round,
DeFAI (Community Round - FCFS),BASE,18706.67,Jan 10 2025,Community Round,https://defaidao.com/
UOMI,BASE,0,Jan 07 2025,Public,https://uomi.ai/
PUNKY (Public),SOL,221129.88,Jan 07 2025,Public,https://punky.ai/
PUNKY (Private),SOL,79085.3076,Jan 07 2025,Private,https://punky.ai/
Searchpad (Private),SOL,87009.054,Jan 07 2025,Private,https://www.searchpad.app
Mystery Agent #1 (Community Round),BASE,89594.36,Jan 06 2025,Community Round,
DTRXBT (Community Round),BASE,81228.44,Jan 06 2025,Community Round,
DeFAI (Community Round),BASE,168293.33,Jan 06 2025,Community Round,https://defaidao.com/
Searchpad (Public),SOL,228234.051,Jan 06 2025,Public,https://www.searchpad.app
Peacepal AI (OPENS - FCFS),BASE,91788.18,Dec 17 2024,Open Entry,https://peacepal.ai/
Peacepal AI (Public - FCFS),BASE,49637.95,Dec 17 2024,Public,https://peacepal.ai/
SuperMeme (OPENS - FCFS 2),BASE,31848.8,Dec 13 2024,Open Entry,https://super.meme/
SuperMeme (OPENS - FCFS),BASE,83180.1589,Dec 13 2024,Open Entry,https://super.meme/
SuperMeme (Public - FCFS),BASE,53684.86,Dec 13 2024,Public,https://super.meme/
SuperMeme (OPENS),BASE,84971.0284876394,Dec 11 2024,Open Entry,https://super.meme/
SuperMeme (Public),BASE,160574.0862,Dec 11 2024,Public,https://super.meme/
EARN'M (Public - FCFS),BASE,164761.96,Dec 11 2024,Public,https://www.earnm.com/
1Hub.Ai (OPENS - FCFS),SOL,59399.1,Dec 10 2024,Open Entry,https://www.1hub.ai
1hub Ai (Public - FCFS),SOL,39423.19,Dec 10 2024,Public,https://www.1hub.ai
EARN'M (Public),BASE,285238.04,Dec 10 2024,Public,https://www.earnm.com/
PeacePal Ai (Public),BASE,200362.044,Dec 09 2024,Public,https://peacepal.ai/
PeacePal Ai (OPENS),BASE,108211.76,Dec 09 2024,Open Entry,https://peacepal.ai/
1Hub.Ai (OPENS),SOL,110880.89624,Dec 08 2024,Open Entry,https://www.1hub.ai
1hub.Ai (Public),SOL,168971.7828,Dec 08 2024,Public,https://www.1hub.ai
OTTO (Private - FCFS),BASE,47537.69,Dec 06 2024,Private,https://buildonhybrid.com/
Venture Mind (Public - FCFS),SOL,49172.18,Dec 05 2024,Public,https://www.venturemind.ai
Venture Mind (Public),SOL,200827.812,Dec 04 2024,Public,https://www.venturemind.ai
Otto (Private),BASE,58711.92,Dec 03 2024,Private,https://buildonhybrid.com/
OLD EARN'M OLD,BASE,0,Dec 03 2024,Public,https://www.earnm.com/
Altcoinist (Public - FCFS),BASE,17647.836,Dec 03 2024,Public,https://www.altcoinist.com/
OLD 1Hub.Ai (OPENS) OLD,SOL,0,Dec 02 2024,Open Entry,https://www.1hub.ai
OLD 1Hub.Ai (Public) OLD,SOL,0,Dec 02 2024,Public,https://www.1hub.ai
Altcoinist (Public),BASE,128579.1835,Dec 01 2024,Public,https://www.altcoinist.com/
-OLD- Venture Mind (PUBLIC),SOL,0,Nov 28 2024,Public,https://www.venturemind.ai
Altcoinist (Public -OLD-),BASE,0,Nov 28 2024,Public,https://www.altcoinist.com/
Venture Mind (OPENS - FCFS),SOL,85744.5436,Nov 26 2024,Open Entry,https://www.venturemind.ai
Plena Finance (Public - FCFS),BNB,35767.97,Nov 26 2024,Public,https://www.plena.finance/
Venture Mind (OPENS),SOL,114255.4446,Nov 25 2024,Open Entry,https://www.venturemind.ai
Plena Finance (Public),BNB,118870.66,Nov 25 2024,Public,https://www.plena.finance/
OLD SuperMeme Public OLD,BASE,0,Nov 21 2024,Public,https://super.meme/
OLD SuperMeme OPENS OLD,BASE,0,Nov 21 2024,Open Entry,https://super.meme/
VentureMind OPENS (OLD),SOL,0,Nov 21 2024,Open Entry,https://www.venturemind.ai
MicroGPT (Public - FCFS),ETH,141749.74,Nov 19 2024,Public,https://microgpt.io/
Plena Finance OLDPOOL,BNB,0,Nov 18 2024,Public,https://www.plena.finance/
AGENTS AI (OPENS - FCFS 2),SOL,26780.24,Nov 13 2024,Open Entry,https://agentsai.org/
Agents Ai (OPENS - FCFS 2),SOL,0,Nov 13 2024,Open Entry,https://agentsai.org/
Agents Ai (OPENS - FCFS),SOL,58671.4,Nov 13 2024,Open Entry,https://agentsai.org/
Agents Ai (Public - FCFS),SOL,39787.78,Nov 12 2024,Public,https://agentsai.org/
Agents AI (Opens),SOL,64548.35676297,Nov 07 2024,Open Entry,https://agentsai.org/
AGENTS AI (Public),SOL,210211.742,Nov 07 2024,Public,https://agentsai.org/
T1 Seed Root Sale,BNB,0,Oct 02 2024,Public,https://seedworld.io/seedroots
AutoLayer (Public - FCFS),BNB,78949.02,Oct 02 2024,Public,https://autolayer.io/
Degen Distillery (Public - FCFS 2),BASE,33511.06,Sep 27 2024,Public,https://degendistillery.com/
AutoLayer (Public),BNB,146050.98,Sep 27 2024,Public,https://autolayer.io/
Degen Distillery (Public - FCFS),BASE,113080.78,Sep 27 2024,Public,https://degendistillery.com/
Degen Distillery,BASE,153408.16,Sep 19 2024,Public,https://degendistillery.com/
AgentLayer (Public - FCFS),BASE,61408.59,Sep 17 2024,Public,https://agentlayer.xyz/
NotAi (Public - FCFS),BNB,186592.42,Sep 13 2024,Public,https://www.notai.com/
AgentLayer,BASE,138591.405,Sep 13 2024,Public,https://agentlayer.xyz/
NotAi (Public),BNB,263407.42049,Sep 04 2024,Public,https://www.notai.com/
MatrixOne (Public - FCFS),SOL,167875.82,Sep 03 2024,Public,https://www.matrix.one/
SWORLD (FCFS 2),AVAX,169831.26,Aug 31 2024,Open Entry,https://seedworld.io/
Seedworld (FCFS),AVAX,333261.9085370433,Aug 30 2024,Open Entry,https://seedworld.io/
Seedworld,AVAX,346906.83237251,Aug 23 2024,Open Entry,https://seedworld.io/
AI JAM (FCFS),BNB,183409.48591,Aug 16 2024,Community Round,
AI JAM,BNB,316590.4693,Aug 09 2024,Community Round,
LayerNet (Public - FCFS 2),SOL,8258.89,Jul 24 2024,Public,https://layernet.ai/
LayerNet (Public - FCFS),SOL,40675.0325,Jul 24 2024,Public,https://layernet.ai/
LayerNet,SOL,201066.066005,Jul 19 2024,Public,https://layernet.ai/
Matrix One,SOL,202124.18,Jul 16 2024,Public,https://www.matrix.one/
MicroGPT (Public),ETH,208250.25236274782,Jul 16 2024,Public,https://microgpt.io/
Runes Terminal (Private - FCFS),ETH,77793.06,Jun 25 2024,Private,https://runesterminal.io/
Orbital7 (Public - FCFS),BNB,165124.49,Jun 18 2024,Public,https://orbital7.io/
RunesTerminal,ETH,97205.94443,Jun 18 2024,Private,https://runesterminal.io/
Legion Ventures (Public - FCFS 2),ETH,19091.19,Jun 14 2024,Public,https://legion.ventures/
Legion Ventures (Public - FCFS),ETH,206029.06,Jun 14 2024,Public,https://legion.ventures/
Artfi (Public - FCFS),SUI,96166.26,Jun 14 2024,Public,https://artfi.world
Orbital7,BNB,209875.51,Jun 11 2024,Public,https://orbital7.io/
Legion Ventures (Public),ETH,274879.7480693537,Jun 06 2024,Public,https://legion.ventures/
Artfi (Public),SUI,163833.74,May 31 2024,Public,https://artfi.world
Skillful AI (Public - FCFS),ETH,123869.11,May 30 2024,Public,https://www.skillfulai.io
Elixir Games (Public - FCFS),SOL,317269.36,May 28 2024,Public,https://elixir.games/
Elixir Games (Public),SOL,632730.6360174309,May 22 2024,Public,https://elixir.games/
Skillfull AI,ETH,276130.88635,May 22 2024,Public,https://www.skillfulai.io
CARV Node Sale (OFE- 2. Round),BNB,1162652.029,May 18 2024,Open Entry,https://carv.io/
Carv Node Sale (FCFS),BNB,195564.4,May 10 2024,Public,https://carv.io/
Wisdomise (Public - FCFS),BNB,141776.33,May 07 2024,Public,https://wisdomise.com/en
CARV Node Sale (OFE),BNB,361214.65665,May 06 2024,Open Entry,https://carv.io/
CARV Node Sale (T6-9),BNB,171515.6,May 03 2024,Node Sale,https://carv.io/
CARV Node Sale (T1-5),BNB,132383.4,May 03 2024,Node Sale,https://carv.io/
Style Protocol (Public - FCFS),BNB,148237.86199,Apr 30 2024,Private,https://www.protocol.style/
Havens Compass (Private - FCFS),BNB,58161.85,Apr 30 2024,Private,https://www.havenscompass.com/
Evermoon (Public - FCFS),BNB,164795.18,Apr 26 2024,Public,http://evermoon.games/
StyleProtocol (Private - FCFS 2),N/A,2826.07,Apr 23 2024,Private,
StyleProtocol (Private - FCFS),N/A,37979.8,Apr 23 2024,Private,https://www.protocol.style/
Havens Compass (Private),BNB,70676.42,Apr 22 2024,Private,https://www.havenscompass.com/
BlastOff (Public - FCFS),N/A,160043.64,Apr 19 2024,Public,https://blastoff.zone/
Evermoon (Private - FCFS),N/A,49403.71,Apr 19 2024,Private,http://evermoon.games/
Evermoon (SeedClub - FCFS),N/A,18947.38,Apr 19 2024,SeedClub,http://evermoon.games/
Exverse (Public - FCFS),N/A,70286.11,Apr 16 2024,Public,https://exv.io/
EstateX (Private - FCFS),N/A,61334.43,Apr 16 2024,Private,https://www.estatex.eu/
Evermoon (SeedClub),N/A,26052.62,Apr 12 2024,SeedClub,http://evermoon.games/
Exverse (Private - FCFS),N/A,34678.29,Apr 12 2024,Private,https://exv.io/
NextGem AI (Private - FCFS),N/A,15972.87,Apr 10 2024,Private,https://thenextgem.ai/
Evermoon (OFE),N/A,114792.35944368,Apr 09 2024,Open Entry,http://evermoon.games/
EstateX (OFE),N/A,59999.99205952063,Apr 09 2024,Open Entry,https://www.estatex.eu/
Arcade2Earn (Public - FCFS),N/A,92475.81,Apr 09 2024,Public,https://www.arcade2earn.io/
BlastOff (Private - FCFS),N/A,25227.59,Apr 09 2024,Private,https://blastoff.zone/
EstateX (Private),N/A,151164.87,Apr 09 2024,Private,https://www.estatex.eu/
Trex20 (Public - FCFS),N/A,68919.596,Apr 07 2024,Public,https://trex20.xyz/
Trex20 (Private - FCFS),N/A,16097.13,Apr 07 2024,Private,https://trex20.xyz/
NextGem AI (Private),N/A,134027.12,Apr 04 2024,Private,https://thenextgem.ai/
SatoshiSync (Community Round - FCFS),N/A,53895.65,Apr 03 2024,Community Round,https://satoshisync.com 
Arcade2earn (OFE),N/A,60000,Apr 01 2024,Open Entry,https://www.arcade2earn.io/
BlastOff (Private),N/A,124772.41,Apr 01 2024,Private,https://blastoff.zone/
Trex20 (Public),N/A,254830.392,Mar 30 2024,Public,https://trex20.xyz/
Trex20 (Private),N/A,76402.87,Mar 30 2024,Private,https://trex20.xyz/
BloodLoop (Public - FCFS-2),N/A,7698.58,Mar 29 2024,Public,https://bloodloop.com/home
BloodLoop (Public - FCFS),N/A,52051.4634,Mar 29 2024,Public,https://bloodloop.com/home
Castle of Blackwater (Public - FCFS),N/A,215425.488012,Mar 26 2024,Public,https://castleofblackwater.com/
Ordify (Public - FCFS),N/A,41128.36,Mar 26 2024,Public,http://ordify.world
GAIMIN (Public - FCFS),N/A,106265.27,Mar 24 2024,Public,https://www.gaimin.io
BlockGames,N/A,0,Mar 22 2024,Private,https://blockgames.com/player-network
Arcade2Earn (Public),N/A,412524.19,Mar 22 2024,Public,https://www.arcade2earn.io/
Wisdomise (Public),BNB,295723.67,Mar 22 2024,Public,https://wisdomise.com/en
SatoshiSync (Public),N/A,246104.337,Mar 22 2024,Public,https://satoshisync.com 
Castle Of Blackwater (Private - FCFS),N/A,73380.77,Mar 19 2024,Private,https://castleofblackwater.com/
BloodLoop (Private - FCFS),N/A,16360.91,Mar 19 2024,Private,https://bloodloop.org/home
Castle of Blackwater (Public),N/A,584574.503856249,Mar 18 2024,Public,https://castleofblackwater.com/
Ordify (Private - FCFS),N/A,24300.23,Mar 15 2024,Private,http://ordify.world
Castle Of Blackwater (Private),N/A,126619.23,Mar 12 2024,Private,https://castleofblackwater.com/
BloodLoop (OFE),N/A,60000,Mar 12 2024,Open Entry,https://bloodloop.org/home
Aethir (T1-T5),N/A,344985,Mar 10 2024,Public,https://www.aethir.com/
Ordify (Public),N/A,308871.63118,Mar 07 2024,Public,http://ordify.world
Ordify (Private),N/A,225699.76,Mar 07 2024,Private,http://ordify.world
BlastOff (Private - FCFS),N/A,18479.88,Mar 07 2024,Private,https://blastoff.zone/
Aethir (T6-T9),N/A,473297.5,Mar 06 2024,Public,https://www.aethir.com/
BlastOff (OFE),N/A,115481.04,Mar 04 2024,Open Entry,https://blastoff.zone/
BlastOff (Public),N/A,343722.159,Mar 04 2024,Public,https://blastoff.zone/
BlastOff (Private),N/A,131520.11,Mar 04 2024,Private,https://blastoff.zone/
GAIMIN,N/A,658734.73564174,Feb 22 2024,Public,https://www.gaimin.io
Animalia (Public - FCFS),N/A,67309.31,Feb 02 2024,Public,https://animalia.games/
Exverse (Private),N/A,155321.71,Jan 30 2024,Private,https://exv.io/
Exverse (Public),N/A,214713.867,Jan 30 2024,Public,https://exv.io/
Style Protocol (Private),N/A,109194.11,Jan 30 2024,Private,https://www.protocol.style/
Style Protocol (Public),BNB,301762.119,Jan 30 2024,Public,https://www.protocol.style/
Evermoon (Private),N/A,85596.25,Jan 30 2024,Private,http://evermoon.games/
Havens Compass (Private),N/A,0,Jan 30 2024,Private,https://www.havenscompass.com/
BloodLoop (Private),N/A,73639.02,Jan 30 2024,Private,https://bloodloop.org/home
Seedify,N/A,116076,Jan 30 2024,Private,
Animalia (Private - FCFS),N/A,34002.87,Jan 26 2024,Private,https://animalia.games/
Storm Warfare (Public - FCFS),N/A,245034.16,Jan 23 2024,Public,https://stormwarfare.com/
Storm Warfare (Private - FCFS),N/A,31004.05,Jan 23 2024,Private,https://stormwarfare.com/
Animalia (Private),N/A,65997.126,Jan 18 2024,Private,https://animalia.games/
Storm Warfare (Private),N/A,68995.86,Jan 15 2024,Private,https://stormwarfare.com/
Farcana (FCFS),N/A,91252.88836,Dec 29 2023,Private,https://www.farcana.com/
Farcana,N/A,208747.104977298,Dec 21 2023,Community Round,https://www.farcana.com/
TEST 2,N/A,0,Dec 14 2023,Public,
TEST,N/A,0,Dec 13 2023,Public,
BloodLoop (Public),N/A,340249.939,Dec 09 2023,Public,https://bloodloop.com/home
Storm Warfare (Public),N/A,734965.83981,Dec 08 2023,Public,https://stormwarfare.com/
Evermoon (Public),N/A,375204.8149,Dec 08 2023,Public,http://evermoon.games/
Animalia (Public),N/A,382690.685376,Dec 06 2023,Public,https://animalia.games/
TEST 3,N/A,0,Dec 05 2023,Private,
TEST 2,N/A,0,Dec 01 2023,Public,
TEST 1,N/A,0,Dec 01 2023,Public,
Plexus (Public - FCFS),N/A,106915.45,Nov 22 2023,Public,https://www.plexus.app/
Plexus (Private - FCFS),N/A,21914.86,Nov 22 2023,Private,https://www.plexus.app/
Test,N/A,1,Nov 20 2023,Public,
Test,N/A,0,Nov 20 2023,Public,
TEST 3,N/A,148084.554,Nov 17 2023,Public,https://www.plexus.app/
Plexus (Private),N/A,29085.14,Nov 17 2023,Private,https://www.plexus.app/
Chappyz (FCFS),N/A,270117.99,Nov 03 2023,Public,https://chappyz.com/
Chappyz,N/A,179881.94491095748,Oct 31 2023,Public,https://chappyz.com/
One More Test,N/A,1,Oct 30 2023,Public,
Another Test,N/A,3,Oct 30 2023,Public,
Openfabric AI (FCFS),N/A,354690.818092,Oct 19 2023,Public,http://openfabric.ai/
Klubcoin (FCFS),N/A,154610.18871,Oct 13 2023,Public,https://klubcoin.net/
Soil (FCFS),N/A,313416.99129923776,Oct 06 2023,Public,https://soil.co/
Openfabric AI,N/A,245307.64392,Sep 29 2023,Public,http://openfabric.ai/
SOIL,N/A,186573.43678,Sep 28 2023,Public,https://soil.co/
Klubcoin,N/A,82665.99,Sep 28 2023,Public,https://klubcoin.net/
Test,N/A,1,Sep 21 2023,Public,
Solidus AI Tech (FCFS),N/A,142549.52691,Aug 23 2023,Public,http://www.aitech.io/
Simba Exchange,N/A,181681.825,Aug 15 2023,Public,https://www.simba.exchange/#home
SophiaVerse (FCFS),N/A,248972.34063086825,Jul 24 2023,Public,https://www.sophiaverse.ai/
DexCheck (Private) FCFS,N/A,62356.529,Jul 19 2023,Private,https://dexcheck.ai/
DexCheck (Public) FCFS,N/A,118999.75,Jul 19 2023,Public,https://dexcheck.ai/
Solidus AI Tech,N/A,147394.819,Jul 07 2023,Public,http://www.aitech.io/
SophiaVerse,N/A,151027.4952614655,Jul 07 2023,Public,https://www.sophiaverse.ai/
DexCheck (Private),N/A,37642.63,Jul 03 2023,Private,https://dexcheck.ai/
DexCheck (Public),N/A,131000.25,Jul 03 2023,Public,https://dexcheck.ai/
IDO Sale,N/A,116322.5,Jun 29 2023,Private,
Aradena Community Sale (2nd Phase),N/A,13840.86510867,Jun 19 2023,Public,https://aradena.io/
Aradena Community Sale (1st Phase),N/A,40318.90539,Jun 19 2023,Public,https://aradena.io/
Test IGO,N/A,0.1,Jun 14 2023,Public,
Cogito Protocol (FCFS),N/A,123269.37537,May 31 2023,Public,https://www.cogitoprotocol.com/
Orbofi AI (Private FCFS),N/A,45719.87,May 25 2023,Private,https://www.orbofi.com/
Orbofi AI (Public FCFS),N/A,170162.71748,May 25 2023,Public,https://www.orbofi.com/
Orbofi AI (Private),N/A,44280.13,May 25 2023,Private,https://www.orbofi.com/
Eldarune (FCFS),N/A,112265.3,May 22 2023,Public,https://www.eldarune.com/
Test IGO,N/A,0,May 19 2023,Public,https://seedify.fund/
Synergy Land (FCFS),N/A,209798.75627,May 15 2023,Public,https://www.synergyland.live/
Orbofi AI (Public),N/A,229837.28754203458,May 10 2023,Public,https://www.orbofi.com/
HyperCycle (FCFS 2),N/A,56054.43,May 07 2023,Public,https://hypercycle.ai/
HyperCycle (FCFS),N/A,249759.617,May 07 2023,Public,https://hypercycle.ai/
Test_IGO_AAA_FCFS,N/A,1.01,May 05 2023,Public,
Test_IGO_AAA,N/A,1.2,May 05 2023,Public,
LitLab Games (FCFS),N/A,157152.22023,May 04 2023,Public,https://litlabgames.com/
Test_04.05.2023,N/A,0,May 04 2023,Public,
Cogito Protocol,N/A,136106.3445,May 03 2023,Public,https://www.cogitoprotocol.com/
Eldarune,N/A,140734.7068350334,May 03 2023,Public,https://www.eldarune.com/
Synergy Land,N/A,173725.032,May 03 2023,Public,https://www.synergyland.live/
HyperCycle,N/A,271685.89738334843,May 03 2023,Public,https://hypercycle.ai/
LitLab Games,N/A,232847.601,May 03 2023,Public,https://litlabgames.com/
Shockwaves (FCFS),N/A,105464.45255,May 01 2023,Public,https://www.shockwaves.ai
Shockwaves (FCFS),N/A,27459.485,May 01 2023,Private,https://www.shockwaves.ai
Shockwaves,N/A,44672.71,May 01 2023,Private,https://www.shockwaves.ai
Shockwaves,N/A,179171.20518,May 01 2023,Public,https://www.shockwaves.ai
Final_FCFS,N/A,0.35,May 01 2023,Public,
Final Test,N/A,1.13,May 01 2023,Public,
Community Test IGO FCFS,N/A,4.5,Apr 29 2023,Public,
Community Test IGO,N/A,13.62,Apr 29 2023,Public,https://coinmarketcap.com/currencies/seedify-fund/
Shockwaves,N/A,16007.29,Apr 26 2023,Private,https://www.shockwaves.ai
Shockwaves,N/A,53062.39,Apr 26 2023,Public,https://www.shockwaves.ai
ChainGPT,N/A,100186.00632,Apr 07 2023,Public,https://www.chaingpt.org/
MECHACHAIN,N/A,0.02,Apr 06 2023,Public,https://gamefi.org/
Coniun,N/A,136475.70232,Mar 30 2023,Public,http://coniun.io
FUSIONIST TEST,N/A,0.61,Mar 28 2023,Public,https://launchpad.seedify.fund/
ChainGPT,N/A,284805.8876527181,Mar 20 2023,Public,https://www.chaingpt.org/
Coniun,N/A,178523.32298,Mar 20 2023,Public,http://coniun.io
GFAL,N/A,225137.29,Mar 09 2023,Public,https://gamesforaliving.com/
Test 1,N/A,0.03,Mar 07 2023,Public,https://www.techtarget.com/
Koakuma,N/A,177464.0198568481,Jan 11 2023,Public,https://koakuma.io/
Testpool,N/A,3.1,Jan 10 2023,Public,https://launchpad.seedify.fund/
Koakuma,N/A,158131.95,Dec 16 2022,Public,https://koakuma.io/
GFAL,N/A,274862.62394,Jul 29 2022,Public,https://gamesforaliving.com/
Amazy,N/A,141636.55343,Jul 13 2022,Public,https://amazy.io/
Amazy,N/A,95860.891,Jul 06 2022,Public,https://amazy.io/
MENZY,N/A,106621.31553211073,Jun 27 2022,Public,https://menzy.io/
MENZY,N/A,215887.53186,Jun 27 2022,Public,https://menzy.io/
MENZY,N/A,199986.09569,Jun 09 2022,Public,https://menzy.io/
Realms of Ethernity,N/A,106504.3,Apr 13 2022,Public,https://realmsofethernity.com/
Supernova,N/A,197709.81,Mar 24 2022,Public,https://sunday.games/supernova/
Penguin Karts,N/A,159353.94,Mar 22 2022,Public,https://penguinkarts.com/
MetaverseWear,N/A,143690.53,Mar 21 2022,Public,https://www.metaversewear.io/
Penguin Karts,N/A,220645.965,Mar 18 2022,Public,https://penguinkarts.com/
Nomad Exiles,N/A,162723.88,Mar 18 2022,Public,https://pridemetaverse.io/
Realms of Ethernity,N/A,178493.60340142524,Mar 17 2022,Public,https://realmsofethernity.com/
Nomad Exiles,N/A,91231.11272,Mar 17 2022,Private,https://pridemetaverse.io/
Supernova,N/A,277284.2907099964,Mar 17 2022,Public,https://sunday.games/supernova/
MetaverseWear,N/A,236308.97,Mar 14 2022,Public,https://www.metaversewear.io/
Outer Ring,N/A,107039.08,Mar 02 2022,Public,https://outerringmmo.com/
Outer Ring,N/A,225455.93,Feb 28 2022,Public,https://outerringmmo.com/
Nomad Exiles,N/A,217273.48,Feb 28 2022,Public,https://pridemetaverse.io/
Nomad Exiles,N/A,77397.82,Feb 28 2022,Private,https://pridemetaverse.io/
TOYOVERSE,N/A,170084.195,Feb 22 2022,Public,https://toyoverse.com/
TOYOVERSE,N/A,97058.46,Feb 21 2022,Private,https://toyoverse.com/
ALTAVA,N/A,109262.707,Feb 18 2022,Public,https://www.altava.com/
Battleverse,N/A,14321.62,Feb 17 2022,Public,https://battleverse.io/
Battleverse,N/A,76673.21,Feb 17 2022,Public,https://battleverse.io/
Battleverse,N/A,65897.145,Feb 16 2022,Private,https://battleverse.io/
Plutonians – Republic Credits,N/A,176055.22,Feb 11 2022,Public,https://plutonians.tech/
Plutonians – Plutonian DAO,N/A,147328.08,Feb 11 2022,Public,https://plutonians.tech/
Plutonians – Republic Credits,N/A,71195.82,Feb 11 2022,Private,https://plutonians.tech/
Plutonians – Plutonian DAO,N/A,53726.98,Feb 11 2022,Private,https://plutonians.tech/
Bullieverse,N/A,58126.63,Feb 09 2022,Public,https://bullieverse.com/
Bullieverse,N/A,19563.859,Feb 08 2022,Private,https://bullieverse.com/
Battleverse,N/A,76597.21,Jan 31 2022,Private,https://battleverse.io/
Battleverse,N/A,241502.466,Jan 31 2022,Public,https://battleverse.io/
Citizen Conflict,N/A,59988.469,Jan 25 2022,Public,https://citizenconflict.com/home
Citizen Conflict,N/A,45855.43,Jan 24 2022,Private,https://citizenconflict.com/home
ALTAVA,N/A,270735.075,Jan 21 2022,Public,https://www.altava.com/
Plutonians – Plutonian DAO,N/A,136271.88,Jan 21 2022,Private,https://plutonians.tech/
Plutonians – Plutonian DAO,N/A,327669.015,Jan 21 2022,Public,https://plutonians.tech/
Plutonians – Republic Credits,N/A,111843.1,Jan 21 2022,Private,https://plutonians.tech/
Plutonians – Republic Credits,N/A,298943.8,Jan 21 2022,Public,https://plutonians.tech/
Bullieverse,N/A,75434.52,Jan 21 2022,Private,https://bullieverse.com/
Bullieverse,N/A,226873.29,Jan 21 2022,Public,https://bullieverse.com/
TOYOVERSE,N/A,140438.86,Jan 21 2022,Private,https://toyoverse.com/
TOYOVERSE,N/A,304914.204,Jan 21 2022,Public,https://toyoverse.com/
Citizen Conflict,N/A,141165.37,Jan 21 2022,Private,https://citizenconflict.com/home
Citizen Conflict,N/A,225010.996,Jan 21 2022,Public,https://citizenconflict.com/home
Syn City,N/A,19278.79,Jan 20 2022,Public,https://syn.city/
Heroes Chained,N/A,56391.004161,Jan 17 2022,Public,https://heroeschained.com/
Space Misfits,N/A,79964.759,Jan 14 2022,Public,https://spacemisfits.com/
Metastrike,N/A,35914.44,Jan 11 2022,Public,https://metastrike.io/
Syn City,N/A,0,Jan 07 2022,Public,https://syn.city/
Syn City,N/A,170720.647,Jan 03 2022,Public,https://syn.city/
World of Defish,N/A,40280.07,Dec 28 2021,Public,https://worldofdefish.com/
The Parallel,N/A,38033.134,Dec 27 2021,Public,
Heroes Chained,N/A,323608.934,Dec 27 2021,Public,https://heroeschained.com/
Space Misfits,N/A,300034.59,Dec 27 2021,Public,https://spacemisfits.com/
The Parallel,N/A,170966.508,Dec 25 2021,Public,
Universe Island,N/A,45766.99,Dec 23 2021,Public,https://universeisland.games/
Bit Hotel,N/A,38723.165,Dec 22 2021,Public,https://bithotel.io/
Bit Hotel,N/A,37244.13,Dec 21 2021,Private,https://bithotel.io/
Mousehaunt,N/A,29331.535,Dec 20 2021,Public,https://mousehaunt.com/
Ertha,N/A,44710.6617,Dec 17 2021,Public,https://ertha.io/
Ecio Space,N/A,43458.894,Dec 17 2021,Public,https://ecio.space/
SIDUS - SENATE,N/A,30825.173716,Dec 15 2021,Public,https://sidusheroes.com/
SIDUS - SIDUS,N/A,35084.143716,Dec 15 2021,Public,https://sidusheroes.com/
Spark Era,N/A,23381.266,Dec 14 2021,Public,https://www.firework.games/
GEOPOLY,N/A,36472.859,Dec 13 2021,Public,https://www.geopoly.io/
GEOPOLY,N/A,43831.96,Dec 11 2021,Private,https://www.geopoly.io/
Hololoot,N/A,22535.6,Dec 10 2021,Public,https://www.hololoot.io/
Ertha,N/A,240288.97,Dec 10 2021,Public,https://ertha.io/
Universe Island,N/A,239231.498,Dec 09 2021,Public,https://universeisland.games/
World of Defish,N/A,216218.594,Dec 09 2021,Public,https://worldofdefish.com/
Last Survivor,N/A,26052.87,Dec 08 2021,Public,https://lastsurvivor.io/
Last Survivor,N/A,8618.03,Dec 07 2021,Private,https://lastsurvivor.io/
Attack Wagon,N/A,34514.45,Dec 03 2021,Public,https://attackwagon.com/
Spintop,N/A,23618.637,Dec 01 2021,Public,https://spintop.network/
Age of Tanks,N/A,29639.144,Nov 29 2021,Public,https://ageoftanks.io/
Age of Tanks,N/A,10773.637,Nov 28 2021,Private,https://ageoftanks.io/
Bit Hotel,N/A,198773.722,Nov 28 2021,Public,https://bithotel.io/
Bit Hotel,N/A,152751.57,Nov 28 2021,Private,https://bithotel.io/
Hololoot,N/A,214963.574,Nov 28 2021,Public,https://www.hololoot.io/
SIDUS - SENATE,N/A,135424.41,Nov 28 2021,Public,https://sidusheroes.com/
Attack Wagon,N/A,208035.58,Nov 28 2021,Public,https://attackwagon.com/
Spark Era,N/A,214118.584,Nov 28 2021,Public,https://www.firework.games/
Metastrike,N/A,201585.559,Nov 28 2021,Public,https://metastrike.io/
Try Hards,N/A,20662.746,Nov 23 2021,Public,https://tryhards.io/
Try Hards,N/A,264336.8207662503,Nov 17 2021,Public,https://tryhards.io/
Age of Tanks,N/A,122224.52,Nov 17 2021,Private,https://ageoftanks.io/
Age of Tanks,N/A,255360.85,Nov 17 2021,Public,https://ageoftanks.io/
Spintop,N/A,261378.89,Nov 17 2021,Public,https://spintop.network/
GEOPOLY,N/A,241163.55,Nov 17 2021,Private,https://www.geopoly.io/
GEOPOLY,N/A,248525.52,Nov 17 2021,Public,https://www.geopoly.io/
Last Survivor,N/A,211446.94,Nov 16 2021,Public,https://lastsurvivor.io/
Last Survivor,N/A,181381.97,Nov 16 2021,Private,https://lastsurvivor.io/
SIDUS - SIDUS,N/A,131165.18,Nov 16 2021,Public,https://sidusheroes.com/
Cryowar,N/A,14191.386,Nov 11 2021,Public,https://cryowar.com/
ScottyBeam,N/A,17490.886,Nov 09 2021,Public,https://scottybeam.io/
ScottyBeam,N/A,172509.109,Nov 04 2021,Public,https://scottybeam.io/
Cryowar,N/A,128308.1099999,Nov 04 2021,Public,https://cryowar.com/
Good Games Guild,N/A,23511.186,Nov 04 2021,Public,https://www.goodgamesguild.com/
Ecio Space,N/A,194038.87,Nov 03 2021,Public,https://ecio.space/
Gaia Everworld,N/A,10794.256,Nov 02 2021,Public,https://gaiaworld.com/
AcknoLedger,N/A,21624.73,Oct 27 2021,Public,https://acknoledger.com/
Hero Arena,N/A,16655.68,Oct 21 2021,Public,https://heroarena.app/
Mousehaunt,N/A,255668.09,Oct 20 2021,Public,https://mousehaunt.com/
Hero Arena,N/A,4215.476,Oct 20 2021,Private,https://heroarena.app/
Defina,N/A,33499.19,Oct 12 2021,Public,https://defina.finance/
Defina,N/A,34509.82,Oct 09 2021,Private,https://defina.finance/
Bloktopia,N/A,17107.87,Oct 06 2021,Public,https://www.bloktopia.com/ 
Hero Arena,N/A,95783.836,Oct 05 2021,Private,https://heroarena.app/
Hero Arena,N/A,173343.463,Oct 05 2021,Public,https://heroarena.app/
AcknoLedger,N/A,168374.799,Oct 05 2021,Public,https://acknoledger.com/
Defina,N/A,265489.859999,Oct 05 2021,Private,https://defina.finance/
Defina,N/A,251500.339,Oct 05 2021,Public,https://defina.finance/
Gaia Everworld,N/A,274205.409,Oct 04 2021,Public,https://gaiaworld.com/
Good Games Guild,N/A,166488.7814,Oct 03 2021,Public,https://www.goodgamesguild.com/
Continuum World,N/A,30096.13,Oct 01 2021,Public,https://continuum.world/
CryptoBlades Kingdoms,N/A,67543.59,Sep 29 2021,Public,https://cryptobladeskingdoms.io/
CryptoBlades Kingdoms,N/A,42121.5,Sep 28 2021,Private,https://cryptobladeskingdoms.io/
CryptoBlades Kingdoms,N/A,307877.747,Sep 22 2021,Private,https://cryptobladeskingdoms.io/
CryptoBlades Kingdoms,N/A,532456.2365199,Sep 22 2021,Public,https://cryptobladeskingdoms.io/
Forest Knight,N/A,11978.0119,Sep 19 2021,Public,
Continuum World,N/A,159903.038,Sep 18 2021,Public,https://continuum.world/
Bloktopia,N/A,220391.86699,Sep 18 2021,Public,https://www.bloktopia.com/ 
Monsters Clan,N/A,17250.3016,Sep 15 2021,Public,https://monstersclan.com/
Monsters Clan,N/A,220248.7854,Sep 15 2021,Public,https://monstersclan.com/
Pocoland,N/A,34098.5,Sep 10 2021,Public,https://pocoland.com/
Pocoland,N/A,298398.2356,Sep 10 2021,Public,https://pocoland.com/
SNOOK,N/A,15123.19,Sep 07 2021,Public,https://playsnook.com/
SNOOK,N/A,50222.727,Sep 06 2021,Public,https://playsnook.com/
SNOOK,N/A,124650.0552,Aug 31 2021,Public,https://playsnook.com/
Forest Knight,N/A,83021.636,Aug 31 2021,Public,
Pocoland Private,N/A,0,Aug 30 2021,Private,https://pocoland.com/
Cryptomeda,N/A,0,Aug 25 2021,Private,https://cryptomeda.tech/
Cryptomeda,N/A,0,Aug 14 2021,Private,https://cryptomeda.tech/
Test BUSD,N/A,0.3,Aug 12 2021,Private,
Fanadise,N/A,0,Jul 29 2021,Private,https://fanadise.com/
Fanadise,N/A,0,Jul 29 2021,Private,https://fanadise.com/
Landshare.io,N/A,0,Jul 21 2021,Private,https://landshare.io/
Landshare.io,N/A,0,Jul 21 2021,Private,https://landshare.io/
Wizard.financial,N/A,0,Jul 15 2021,Private,
Wizard.financial,N/A,0,Jul 01 2021,Private,https://wizard.financial/
