Project Name,Network,Total Raised,End Date,Round Type,Website
iAgent Protocol (Public - FCFS),BASE,0,2025-03-12T13:59:26.281Z,Public,https://www.iagentpro.com
iAgent Protocol (Public),BASE,0,2025-03-04T12:05:40.319Z,Public,https://www.iagentpro.com
MindAI (Public - FCFS),BNB,16004.08,2025-02-18T13:19:50.123Z,Public,https://www.mind-ai.io/
Pindora (Public - FCFS),BASE,114572.35,2025-02-14T13:34:38.144Z,Public,https://www.pindora.io/
Aikaverse (Public - FCFS),BASE,10862.78,2025-02-11T13:44:10.318Z,Public,https://aikaverse.ai/
Killer Whale (Public - FCFS),SOL,35043.7,2025-02-07T13:30:03.368Z,Public,https://killeragent.ai/
Killer Whale (Public),SOL,114956.285,2025-01-31T08:23:31.108Z,Public,https://killeragent.ai/
Aikaverse (Public),BASE,50624.854,2025-01-30T09:53:16.902Z,Public,https://aikaverse.ai/
Pindora (Public),BASE,209177.65,2025-01-28T13:32:34.381Z,Public,https://www.pindora.io/
MindAI (Public),BNB,41453.88,2025-01-27T00:11:55.626Z,Public,https://www.mind-ai.io/
AIvalanche DeFAI Agents (FCFS),"AVAX, BNB",11281.6,2025-01-26T13:24:07.051Z,Public,https://www.avaxai.org
AIvalanche DeFAI Agents,"AVAX, BNB",88718.395,2025-01-23T17:44:33.178Z,Public,https://www.avaxai.org
Punky (Private - FCFS 2),SOL,2732.16,2025-01-21T19:36:37.760Z,Private,https://punky.ai/
Punky (Public - FCFS),SOL,38870.12,2025-01-21T13:53:59.661Z,Public,https://punky.ai/
Punky (Private - FCFS),SOL,18182.5,2025-01-21T13:42:52.551Z,Private,https://punky.ai/
Searchpad (Public - FCFS),SOL,31765.94,2025-01-17T13:45:10.922Z,Public,https://www.searchpad.app
Searchpad (Private - FCFS),SOL,12990.85,2025-01-17T13:34:18.525Z,Private,https://www.searchpad.app
DTRXBT (Community Round - FCFS),BASE,8771.56,2025-01-10T13:39:07.179Z,Community Round,
Mystery Agent #1 (Community Round - FCFS),BASE,10405.64,2025-01-10T13:29:27.639Z,Community Round,
DeFAI (Community Round - FCFS),BASE,18706.67,2025-01-10T13:17:32.841Z,Community Round,https://defaidao.com/
UOMI,BASE,0,2025-01-07T13:57:44.860Z,Public,https://uomi.ai/
PUNKY (Public),SOL,221129.88,2025-01-07T13:37:08.511Z,Public,https://punky.ai/
PUNKY (Private),SOL,79085.3076,2025-01-07T13:33:00.551Z,Private,https://punky.ai/
Searchpad (Private),SOL,87009.054,2025-01-07T13:22:40.360Z,Private,https://www.searchpad.app
Mystery Agent #1 (Community Round),BASE,89594.36,2025-01-06T17:56:07.227Z,Community Round,
DTRXBT (Community Round),BASE,81228.44,2025-01-06T17:51:02.464Z,Community Round,
DeFAI (Community Round),BASE,168293.33,2025-01-06T16:48:44.489Z,Community Round,https://defaidao.com/
Searchpad (Public),SOL,228234.051,2025-01-06T13:31:26.497Z,Public,https://www.searchpad.app
Peacepal AI (OPENS - FCFS),BASE,91788.18,2024-12-17T14:29:45.836Z,Open Entry,https://peacepal.ai/
Peacepal AI (Public - FCFS),BASE,49637.95,2024-12-17T14:15:25.875Z,Public,https://peacepal.ai/
SuperMeme (OPENS - FCFS 2),BASE,31848.8,2024-12-13T20:04:43.583Z,Open Entry,https://super.meme/
SuperMeme (OPENS - FCFS),BASE,83180.1589,2024-12-13T13:53:59.710Z,Open Entry,https://super.meme/
SuperMeme (Public - FCFS),BASE,53684.86,2024-12-13T13:44:35.202Z,Public,https://super.meme/
SuperMeme (OPENS),BASE,84971.0284876394,2024-12-11T22:54:12.490Z,Open Entry,https://super.meme/
SuperMeme (Public),BASE,160574.0862,2024-12-11T22:35:50.268Z,Public,https://super.meme/
EARN'M (Public - FCFS),BASE,164761.96,2024-12-11T14:28:36.876Z,Public,https://www.earnm.com/
1Hub.Ai (OPENS - FCFS),SOL,59399.1,2024-12-10T14:16:17.454Z,Open Entry,https://www.1hub.ai
1hub Ai (Public - FCFS),SOL,39423.19,2024-12-10T13:59:02.954Z,Public,https://www.1hub.ai
EARN'M (Public),BASE,285238.04,2024-12-10T01:10:54.606Z,Public,https://www.earnm.com/
PeacePal Ai (Public),BASE,200362.044,2024-12-09T17:54:45.224Z,Public,https://peacepal.ai/
PeacePal Ai (OPENS),BASE,108211.76,2024-12-09T17:52:06.582Z,Open Entry,https://peacepal.ai/
1Hub.Ai (OPENS),SOL,110880.89624,2024-12-08T23:55:37.859Z,Open Entry,https://www.1hub.ai
1hub.Ai (Public),SOL,168971.7828,2024-12-08T23:29:11.618Z,Public,https://www.1hub.ai
OTTO (Private - FCFS),BASE,47537.69,2024-12-06T14:07:08.635Z,Private,https://buildonhybrid.com/
Venture Mind (Public - FCFS),SOL,49172.18,2024-12-05T14:20:18.572Z,Public,https://www.venturemind.ai
Venture Mind (Public),SOL,200827.812,2024-12-04T12:44:36.047Z,Public,https://www.venturemind.ai
Otto (Private),BASE,58711.92,2024-12-03T16:35:14.401Z,Private,https://buildonhybrid.com/
OLD EARN'M OLD,BASE,0,2024-12-03T14:55:36.791Z,Public,https://www.earnm.com/
Altcoinist (Public - FCFS),BASE,17647.836,2024-12-03T13:22:53.652Z,Public,https://www.altcoinist.com/
OLD 1Hub.Ai (OPENS) OLD,SOL,0,2024-12-02T16:02:34.466Z,Open Entry,https://www.1hub.ai
OLD 1Hub.Ai (Public) OLD,SOL,0,2024-12-02T15:59:41.960Z,Public,https://www.1hub.ai
Altcoinist (Public),BASE,128579.1835,2024-12-01T21:57:38.969Z,Public,https://www.altcoinist.com/
-OLD- Venture Mind (PUBLIC),SOL,0,2024-11-28T22:27:25.937Z,Public,https://www.venturemind.ai
Altcoinist (Public -OLD-),BASE,0,2024-11-28T10:31:32.044Z,Public,https://www.altcoinist.com/
Venture Mind (OPENS - FCFS),SOL,85744.5436,2024-11-26T14:06:59.456Z,Open Entry,https://www.venturemind.ai
Plena Finance (Public - FCFS),BNB,35767.97,2024-11-26T13:44:54.939Z,Public,https://www.plena.finance/
Venture Mind (OPENS),SOL,114255.4446,2024-11-25T01:11:28.425Z,Open Entry,https://www.venturemind.ai
Plena Finance (Public),BNB,118870.66,2024-11-25T00:01:23.320Z,Public,https://www.plena.finance/
OLD SuperMeme Public OLD,BASE,0,2024-11-21T17:54:17.426Z,Public,https://super.meme/
OLD SuperMeme OPENS OLD,BASE,0,2024-11-21T17:52:30.008Z,Open Entry,https://super.meme/
VentureMind OPENS (OLD),SOL,0,2024-11-21T17:45:45.028Z,Open Entry,https://www.venturemind.ai
MicroGPT (Public - FCFS),ETH,141749.74,2024-11-19T13:49:34.923Z,Public,https://microgpt.io/
Plena Finance OLDPOOL,BNB,0,2024-11-18T14:56:18.551Z,Public,https://www.plena.finance/
AGENTS AI (OPENS - FCFS 2),SOL,26780.24,2024-11-13T22:41:46.728Z,Open Entry,https://agentsai.org/
Agents Ai (OPENS - FCFS 2),SOL,0,2024-11-13T19:06:38.571Z,Open Entry,https://agentsai.org/
Agents Ai (OPENS - FCFS),SOL,58671.4,2024-11-13T13:26:34.928Z,Open Entry,https://agentsai.org/
Agents Ai (Public - FCFS),SOL,39787.78,2024-11-12T15:12:14.712Z,Public,https://agentsai.org/
Agents AI (Opens),SOL,64548.35676297,2024-11-07T13:42:46.609Z,Open Entry,https://agentsai.org/
AGENTS AI (Public),SOL,210211.742,2024-11-07T13:37:38.378Z,Public,https://agentsai.org/
T1 Seed Root Sale,BNB,0,2024-10-02T15:16:06.567Z,Public,https://seedworld.io/seedroots
AutoLayer (Public - FCFS),BNB,78949.02,2024-10-02T14:05:50.172Z,Public,https://autolayer.io/
Degen Distillery (Public - FCFS 2),BASE,33511.06,2024-09-27T19:09:06.848Z,Public,https://degendistillery.com/
AutoLayer (Public),BNB,146050.98,2024-09-27T16:19:31.282Z,Public,https://autolayer.io/
Degen Distillery (Public - FCFS),BASE,113080.78,2024-09-27T13:56:50.056Z,Public,https://degendistillery.com/
Degen Distillery,BASE,153408.16,2024-09-19T12:32:13.201Z,Public,https://degendistillery.com/
AgentLayer (Public - FCFS),BASE,61408.59,2024-09-17T14:10:50.546Z,Public,https://agentlayer.xyz/
NotAi (Public - FCFS),BNB,186592.42,2024-09-13T14:07:51.564Z,Public,https://www.notai.com/
AgentLayer,BASE,138591.405,2024-09-13T10:44:03.684Z,Public,https://agentlayer.xyz/
NotAi (Public),BNB,263407.42049,2024-09-04T10:57:29.150Z,Public,https://www.notai.com/
MatrixOne (Public - FCFS),SOL,167875.82,2024-09-03T14:10:19.070Z,Public,https://www.matrix.one/
SWORLD (FCFS 2),AVAX,169831.26,2024-08-31T09:20:19.644Z,Open Entry,https://seedworld.io/
Seedworld (FCFS),AVAX,333261.9085370433,2024-08-30T13:44:16.735Z,Open Entry,https://seedworld.io/
Seedworld,AVAX,346906.83237251,2024-08-23T10:41:07.247Z,Open Entry,https://seedworld.io/
AI JAM (FCFS),BNB,183409.48591,2024-08-16T12:21:54.131Z,Community Round,
AI JAM,BNB,316590.4693,2024-08-09T16:35:17.592Z,Community Round,
LayerNet (Public - FCFS 2),SOL,8258.89,2024-07-24T19:13:00.838Z,Public,https://layernet.ai/
LayerNet (Public - FCFS),SOL,40675.0325,2024-07-24T14:13:09.488Z,Public,https://layernet.ai/
LayerNet,SOL,201066.066005,2024-07-19T10:00:39.964Z,Public,https://layernet.ai/
Matrix One,SOL,202124.18,2024-07-16T09:48:19.129Z,Public,https://www.matrix.one/
MicroGPT (Public),ETH,208250.25236274782,2024-07-16T09:29:59.331Z,Public,https://microgpt.io/
Runes Terminal (Private - FCFS),ETH,77793.06,2024-06-25T13:23:36.306Z,Private,https://runesterminal.io/
Orbital7 (Public - FCFS),BNB,165124.49,2024-06-18T13:25:43.063Z,Public,https://orbital7.io/
RunesTerminal,ETH,97205.94443,2024-06-18T09:58:38.397Z,Private,https://runesterminal.io/
Legion Ventures (Public - FCFS 2),ETH,19091.19,2024-06-14T19:38:40.034Z,Public,https://legion.ventures/
Legion Ventures (Public - FCFS),ETH,206029.06,2024-06-14T13:54:14.758Z,Public,https://legion.ventures/
Artfi (Public - FCFS),SUI,96166.26,2024-06-14T13:36:39.980Z,Public,https://artfi.world
Orbital7,BNB,209875.51,2024-06-11T14:17:49.030Z,Public,https://orbital7.io/
Legion Ventures (Public),ETH,274879.7480693537,2024-06-06T12:48:56.329Z,Public,https://legion.ventures/
Artfi (Public),SUI,163833.74,2024-05-31T10:50:35.926Z,Public,https://artfi.world
Skillful AI (Public - FCFS),ETH,123869.11,2024-05-30T13:37:13.709Z,Public,https://www.skillfulai.io
Elixir Games (Public - FCFS),SOL,317269.36,2024-05-28T13:31:47.791Z,Public,https://elixir.games/
Elixir Games (Public),SOL,632730.6360174309,2024-05-22T19:52:56.360Z,Public,https://elixir.games/
Skillfull AI,ETH,276130.88635,2024-05-22T19:44:46.389Z,Public,https://www.skillfulai.io
CARV Node Sale (OFE- 2. Round),BNB,1162652.029,2024-05-18T14:27:20.696Z,Open Entry,https://carv.io/
Carv Node Sale (FCFS),BNB,195564.4,2024-05-10T22:30:13.582Z,Public,https://carv.io/
Wisdomise (Public - FCFS),BNB,141776.33,2024-05-07T13:42:43.503Z,Public,https://wisdomise.com/en
CARV Node Sale (OFE),BNB,361214.65665,2024-05-06T17:24:52.944Z,Open Entry,https://carv.io/
CARV Node Sale (T6-9),BNB,171515.6,2024-05-03T15:50:46.136Z,Node Sale,https://carv.io/
CARV Node Sale (T1-5),BNB,132383.4,2024-05-03T15:44:42.581Z,Node Sale,https://carv.io/
Style Protocol (Public - FCFS),BNB,148237.86199,2024-04-30T13:49:27.604Z,Private,https://www.protocol.style/
Havens Compass (Private - FCFS),BNB,58161.85,2024-04-30T13:37:39.474Z,Private,https://www.havenscompass.com/
Evermoon (Public - FCFS),BNB,164795.18,2024-04-26T13:47:10.758Z,Public,http://evermoon.games/
StyleProtocol (Private - FCFS 2),N/A,2826.07,2024-04-23T20:05:42.624Z,Private,
StyleProtocol (Private - FCFS),N/A,37979.8,2024-04-23T13:14:48.413Z,Private,https://www.protocol.style/
Havens Compass (Private),BNB,70676.42,2024-04-22T15:04:48.339Z,Private,https://www.havenscompass.com/
BlastOff (Public - FCFS),N/A,160043.64,2024-04-19T13:54:58.712Z,Public,https://blastoff.zone/
Evermoon (Private - FCFS),N/A,49403.71,2024-04-19T13:40:04.123Z,Private,http://evermoon.games/
Evermoon (SeedClub - FCFS),N/A,18947.38,2024-04-19T13:25:20.920Z,SeedClub,http://evermoon.games/
Exverse (Public - FCFS),N/A,70286.11,2024-04-16T14:24:15.291Z,Public,https://exv.io/
EstateX (Private - FCFS),N/A,61334.43,2024-04-16T14:08:28.663Z,Private,https://www.estatex.eu/
Evermoon (SeedClub),N/A,26052.62,2024-04-12T14:17:42.583Z,SeedClub,http://evermoon.games/
Exverse (Private - FCFS),N/A,34678.29,2024-04-12T13:13:19.555Z,Private,https://exv.io/
NextGem AI (Private - FCFS),N/A,15972.87,2024-04-10T13:20:26.664Z,Private,https://thenextgem.ai/
Evermoon (OFE),N/A,114792.35944368,2024-04-09T22:55:37.498Z,Open Entry,http://evermoon.games/
EstateX (OFE),N/A,59999.99205952063,2024-04-09T22:50:34.394Z,Open Entry,https://www.estatex.eu/
Arcade2Earn (Public - FCFS),N/A,92475.81,2024-04-09T14:13:09.728Z,Public,https://www.arcade2earn.io/
BlastOff (Private - FCFS),N/A,25227.59,2024-04-09T13:52:58.165Z,Private,https://blastoff.zone/
EstateX (Private),N/A,151164.87,2024-04-09T00:52:18.621Z,Private,https://www.estatex.eu/
Trex20 (Public - FCFS),N/A,68919.596,2024-04-07T13:47:25.215Z,Public,https://trex20.xyz/
Trex20 (Private - FCFS),N/A,16097.13,2024-04-07T13:23:38.955Z,Private,https://trex20.xyz/
NextGem AI (Private),N/A,134027.12,2024-04-04T02:23:11.521Z,Private,https://thenextgem.ai/
SatoshiSync (Community Round - FCFS),N/A,53895.65,2024-04-03T13:58:59.604Z,Community Round,https://satoshisync.com 
Arcade2earn (OFE),N/A,60000,2024-04-01T14:38:23.818Z,Open Entry,https://www.arcade2earn.io/
BlastOff (Private),N/A,124772.41,2024-04-01T14:16:25.922Z,Private,https://blastoff.zone/
Trex20 (Public),N/A,254830.392,2024-03-30T17:08:49.040Z,Public,https://trex20.xyz/
Trex20 (Private),N/A,76402.87,2024-03-30T17:06:08.339Z,Private,https://trex20.xyz/
BloodLoop (Public - FCFS-2),N/A,7698.58,2024-03-29T19:17:26.507Z,Public,https://bloodloop.com/home
BloodLoop (Public - FCFS),N/A,52051.4634,2024-03-29T13:24:02.224Z,Public,https://bloodloop.com/home
Castle of Blackwater (Public - FCFS),N/A,215425.488012,2024-03-26T13:34:36.173Z,Public,https://castleofblackwater.com/
Ordify (Public - FCFS),N/A,41128.36,2024-03-26T13:21:32.370Z,Public,http://ordify.world
GAIMIN (Public - FCFS),N/A,106265.27,2024-03-24T13:05:58.143Z,Public,https://www.gaimin.io
BlockGames,N/A,0,2024-03-22T16:15:22.162Z,Private,https://blockgames.com/player-network
Arcade2Earn (Public),N/A,412524.19,2024-03-22T15:41:12.646Z,Public,https://www.arcade2earn.io/
Wisdomise (Public),BNB,295723.67,2024-03-22T15:31:13.726Z,Public,https://wisdomise.com/en
SatoshiSync (Public),N/A,246104.337,2024-03-22T15:25:57.635Z,Public,https://satoshisync.com 
Castle Of Blackwater (Private - FCFS),N/A,73380.77,2024-03-19T13:57:32.578Z,Private,https://castleofblackwater.com/
BloodLoop (Private - FCFS),N/A,16360.91,2024-03-19T13:45:13.617Z,Private,https://bloodloop.org/home
Castle of Blackwater (Public),N/A,584574.503856249,2024-03-18T13:23:54.583Z,Public,https://castleofblackwater.com/
Ordify (Private - FCFS),N/A,24300.23,2024-03-15T13:34:35.213Z,Private,http://ordify.world
Castle Of Blackwater (Private),N/A,126619.23,2024-03-12T17:19:26.974Z,Private,https://castleofblackwater.com/
BloodLoop (OFE),N/A,60000,2024-03-12T09:49:34.821Z,Open Entry,https://bloodloop.org/home
Aethir (T1-T5),N/A,344985,2024-03-10T18:54:43.482Z,Public,https://www.aethir.com/
Ordify (Public),N/A,308871.63118,2024-03-07T17:45:12.368Z,Public,http://ordify.world
Ordify (Private),N/A,225699.76,2024-03-07T17:40:24.139Z,Private,http://ordify.world
BlastOff (Private - FCFS),N/A,18479.88,2024-03-07T13:33:41.235Z,Private,https://blastoff.zone/
Aethir (T6-T9),N/A,473297.5,2024-03-06T20:07:20.154Z,Public,https://www.aethir.com/
BlastOff (OFE),N/A,115481.04,2024-03-04T14:57:12.920Z,Open Entry,https://blastoff.zone/
BlastOff (Public),N/A,343722.159,2024-03-04T14:54:18.435Z,Public,https://blastoff.zone/
BlastOff (Private),N/A,131520.11,2024-03-04T14:43:53.442Z,Private,https://blastoff.zone/
GAIMIN,N/A,658734.73564174,2024-02-22T05:24:54.294Z,Public,https://www.gaimin.io
Animalia (Public - FCFS),N/A,67309.31,2024-02-02T23:41:37.283Z,Public,https://animalia.games/
Exverse (Private),N/A,155321.71,2024-01-30T18:12:26.241Z,Private,https://exv.io/
Exverse (Public),N/A,214713.867,2024-01-30T18:10:13.936Z,Public,https://exv.io/
Style Protocol (Private),N/A,109194.11,2024-01-30T17:54:16.775Z,Private,https://www.protocol.style/
Style Protocol (Public),BNB,301762.119,2024-01-30T17:52:26.250Z,Public,https://www.protocol.style/
Evermoon (Private),N/A,85596.25,2024-01-30T17:09:27.949Z,Private,http://evermoon.games/
Havens Compass (Private),N/A,0,2024-01-30T17:05:33.218Z,Private,https://www.havenscompass.com/
BloodLoop (Private),N/A,73639.02,2024-01-30T17:01:18.457Z,Private,https://bloodloop.org/home
Seedify,N/A,116076,2024-01-30T08:33:38.439Z,Private,
Animalia (Private - FCFS),N/A,34002.87,2024-01-26T13:40:46.902Z,Private,https://animalia.games/
Storm Warfare (Public - FCFS),N/A,245034.16,2024-01-23T13:42:29.269Z,Public,https://stormwarfare.com/
Storm Warfare (Private - FCFS),N/A,31004.05,2024-01-23T13:22:17.095Z,Private,https://stormwarfare.com/
Animalia (Private),N/A,65997.126,2024-01-18T18:46:03.195Z,Private,https://animalia.games/
Storm Warfare (Private),N/A,68995.86,2024-01-15T16:05:19.676Z,Private,https://stormwarfare.com/
Farcana (FCFS),N/A,91252.88836,2023-12-29T13:23:08.855Z,Private,https://www.farcana.com/
Farcana,N/A,208747.104977298,2023-12-21T11:51:48.255Z,Community Round,https://www.farcana.com/
TEST 2,N/A,0,2023-12-14T13:16:00.753Z,Public,
TEST,N/A,0,2023-12-13T15:54:09.619Z,Public,
BloodLoop (Public),N/A,340249.939,2023-12-09T17:59:06.776Z,Public,https://bloodloop.com/home
Storm Warfare (Public),N/A,734965.83981,2023-12-08T21:47:50.120Z,Public,https://stormwarfare.com/
Evermoon (Public),N/A,375204.8149,2023-12-08T21:40:44.619Z,Public,http://evermoon.games/
Animalia (Public),N/A,382690.685376,2023-12-06T17:24:51.219Z,Public,https://animalia.games/
TEST 3,N/A,0,2023-12-05T09:35:32.836Z,Private,
TEST 2,N/A,0,2023-12-01T14:07:02.663Z,Public,
TEST 1,N/A,0,2023-12-01T14:02:27.728Z,Public,
Plexus (Public - FCFS),N/A,106915.45,2023-11-22T13:25:07.358Z,Public,https://www.plexus.app/
Plexus (Private - FCFS),N/A,21914.86,2023-11-22T13:16:44.657Z,Private,https://www.plexus.app/
Test,N/A,1,2023-11-20T20:08:55.178Z,Public,
Test,N/A,0,2023-11-20T19:44:05.366Z,Public,
TEST 3,N/A,148084.554,2023-11-17T15:00:12.161Z,Public,https://www.plexus.app/
Plexus (Private),N/A,29085.14,2023-11-17T14:56:32.314Z,Private,https://www.plexus.app/
Chappyz (FCFS),N/A,270117.99,2023-11-03T12:24:56.143Z,Public,https://chappyz.com/
Chappyz,N/A,179881.94491095748,2023-10-31T11:55:23.549Z,Public,https://chappyz.com/
One More Test,N/A,1,2023-10-30T19:23:23.950Z,Public,
Another Test,N/A,3,2023-10-30T11:50:42.359Z,Public,
Openfabric AI (FCFS),N/A,354690.818092,2023-10-19T13:18:02.171Z,Public,http://openfabric.ai/
Klubcoin (FCFS),N/A,154610.18871,2023-10-13T15:00:07.603Z,Public,https://klubcoin.net/
Soil (FCFS),N/A,313416.99129923776,2023-10-06T13:26:08.868Z,Public,https://soil.co/
Openfabric AI,N/A,245307.64392,2023-09-29T10:59:08.458Z,Public,http://openfabric.ai/
SOIL,N/A,186573.43678,2023-09-28T04:57:20.325Z,Public,https://soil.co/
Klubcoin,N/A,82665.99,2023-09-28T04:50:46.545Z,Public,https://klubcoin.net/
Test,N/A,1,2023-09-21T15:52:41.002Z,Public,
Solidus AI Tech (FCFS),N/A,142549.52691,2023-08-23T13:17:12.262Z,Public,http://www.aitech.io/
Simba Exchange,N/A,181681.825,2023-08-15T10:18:53.506Z,Public,https://www.simba.exchange/#home
SophiaVerse (FCFS),N/A,248972.34063086825,2023-07-24T14:25:56.860Z,Public,https://www.sophiaverse.ai/
DexCheck (Private) FCFS,N/A,62356.529,2023-07-19T13:58:34.295Z,Private,https://dexcheck.ai/
DexCheck (Public) FCFS,N/A,118999.75,2023-07-19T13:53:12.515Z,Public,https://dexcheck.ai/
Solidus AI Tech,N/A,147394.819,2023-07-07T14:29:34.055Z,Public,http://www.aitech.io/
SophiaVerse,N/A,151027.4952614655,2023-07-07T14:22:37.355Z,Public,https://www.sophiaverse.ai/
DexCheck (Private),N/A,37642.63,2023-07-03T20:54:53.830Z,Private,https://dexcheck.ai/
DexCheck (Public),N/A,131000.25,2023-07-03T20:44:58.008Z,Public,https://dexcheck.ai/
IDO Sale,N/A,116322.5,2023-06-29T07:21:16.733Z,Private,
Aradena Community Sale (2nd Phase),N/A,13840.86510867,2023-06-19T13:59:01.379Z,Public,https://aradena.io/
Aradena Community Sale (1st Phase),N/A,40318.90539,2023-06-19T13:51:47.017Z,Public,https://aradena.io/
Test IGO,N/A,0.1,2023-06-14T19:00:59.271Z,Public,
Cogito Protocol (FCFS),N/A,123269.37537,2023-05-31T16:07:41.946Z,Public,https://www.cogitoprotocol.com/
Orbofi AI (Private FCFS),N/A,45719.87,2023-05-25T15:34:34.762Z,Private,https://www.orbofi.com/
Orbofi AI (Public FCFS),N/A,170162.71748,2023-05-25T15:29:05.679Z,Public,https://www.orbofi.com/
Orbofi AI (Private),N/A,44280.13,2023-05-25T08:14:28.028Z,Private,https://www.orbofi.com/
Eldarune (FCFS),N/A,112265.3,2023-05-22T15:18:50.695Z,Public,https://www.eldarune.com/
Test IGO,N/A,0,2023-05-19T09:15:57.710Z,Public,https://seedify.fund/
Synergy Land (FCFS),N/A,209798.75627,2023-05-15T15:10:39.160Z,Public,https://www.synergyland.live/
Orbofi AI (Public),N/A,229837.28754203458,2023-05-10T15:33:07.880Z,Public,https://www.orbofi.com/
HyperCycle (FCFS 2),N/A,56054.43,2023-05-07T18:08:10.406Z,Public,https://hypercycle.ai/
HyperCycle (FCFS),N/A,249759.617,2023-05-07T15:15:57.422Z,Public,https://hypercycle.ai/
Test_IGO_AAA_FCFS,N/A,1.01,2023-05-05T15:51:30.339Z,Public,
Test_IGO_AAA,N/A,1.2,2023-05-05T15:29:12.541Z,Public,
LitLab Games (FCFS),N/A,157152.22023,2023-05-04T15:53:38.168Z,Public,https://litlabgames.com/
Test_04.05.2023,N/A,0,2023-05-04T08:47:39.845Z,Public,
Cogito Protocol,N/A,136106.3445,2023-05-03T09:54:52.494Z,Public,https://www.cogitoprotocol.com/
Eldarune,N/A,140734.7068350334,2023-05-03T09:52:02.484Z,Public,https://www.eldarune.com/
Synergy Land,N/A,173725.032,2023-05-03T09:45:50.359Z,Public,https://www.synergyland.live/
HyperCycle,N/A,271685.89738334843,2023-05-03T09:33:27.681Z,Public,https://hypercycle.ai/
LitLab Games,N/A,232847.601,2023-05-03T08:58:16.136Z,Public,https://litlabgames.com/
Shockwaves (FCFS),N/A,105464.45255,2023-05-01T16:31:10.764Z,Public,https://www.shockwaves.ai
Shockwaves (FCFS),N/A,27459.485,2023-05-01T16:14:13.077Z,Private,https://www.shockwaves.ai
Shockwaves,N/A,44672.71,2023-05-01T11:15:07.997Z,Private,https://www.shockwaves.ai
Shockwaves,N/A,179171.20518,2023-05-01T10:45:56.569Z,Public,https://www.shockwaves.ai
Final_FCFS,N/A,0.35,2023-05-01T04:32:13.591Z,Public,
Final Test,N/A,1.13,2023-05-01T03:47:47.601Z,Public,
Community Test IGO FCFS,N/A,4.5,2023-04-29T19:31:41.013Z,Public,
Community Test IGO,N/A,13.62,2023-04-29T18:10:09.216Z,Public,https://coinmarketcap.com/currencies/seedify-fund/
Shockwaves,N/A,16007.29,2023-04-26T21:02:58.205Z,Private,https://www.shockwaves.ai
Shockwaves,N/A,53062.39,2023-04-26T20:49:25.089Z,Public,https://www.shockwaves.ai
ChainGPT,N/A,100186.00632,2023-04-07T04:08:56.970Z,Public,https://www.chaingpt.org/
MECHACHAIN,N/A,0.02,2023-04-06T10:24:24.055Z,Public,https://gamefi.org/
Coniun,N/A,136475.70232,2023-03-30T06:52:21.115Z,Public,http://coniun.io
FUSIONIST TEST,N/A,0.61,2023-03-28T11:44:56.612Z,Public,https://launchpad.seedify.fund/
ChainGPT,N/A,284805.8876527181,2023-03-20T13:06:48.242Z,Public,https://www.chaingpt.org/
Coniun,N/A,178523.32298,2023-03-20T13:00:08.203Z,Public,http://coniun.io
GFAL,N/A,225137.29,2023-03-09T12:57:35.745Z,Public,https://gamesforaliving.com/
Test 1,N/A,0.03,2023-03-07T05:39:37.688Z,Public,https://www.techtarget.com/
Koakuma,N/A,177464.0198568481,2023-01-11T04:36:36.268Z,Public,https://koakuma.io/
Testpool,N/A,3.1,2023-01-10T06:08:39.344Z,Public,https://launchpad.seedify.fund/
Koakuma,N/A,158131.95,2022-12-16T07:08:14.577Z,Public,https://koakuma.io/
GFAL,N/A,274862.62394,2022-07-29T13:13:13.250Z,Public,https://gamesforaliving.com/
Amazy,N/A,141636.55343,2022-07-13T08:57:03.959Z,Public,https://amazy.io/
Amazy,N/A,95860.891,2022-07-06T04:38:33.762Z,Public,https://amazy.io/
MENZY,N/A,106621.31553211073,2022-06-27T19:07:33.412Z,Public,https://menzy.io/
MENZY,N/A,215887.53186,2022-06-27T04:22:17.720Z,Public,https://menzy.io/
MENZY,N/A,199986.09569,2022-06-09T10:17:52.446Z,Public,https://menzy.io/
Realms of Ethernity,N/A,106504.3,2022-04-13T03:58:59.719Z,Public,https://realmsofethernity.com/
Supernova,N/A,197709.81,2022-03-24T03:57:49.008Z,Public,https://sunday.games/supernova/
Penguin Karts,N/A,159353.94,2022-03-22T04:04:39.516Z,Public,https://penguinkarts.com/
MetaverseWear,N/A,143690.53,2022-03-21T04:23:55.201Z,Public,https://www.metaversewear.io/
Penguin Karts,N/A,220645.965,2022-03-18T05:29:22.382Z,Public,https://penguinkarts.com/
Nomad Exiles,N/A,162723.88,2022-03-18T05:12:53.956Z,Public,https://pridemetaverse.io/
Realms of Ethernity,N/A,178493.60340142524,2022-03-17T06:49:31.029Z,Public,https://realmsofethernity.com/
Nomad Exiles,N/A,91231.11272,2022-03-17T06:25:21.817Z,Private,https://pridemetaverse.io/
Supernova,N/A,277284.2907099964,2022-03-17T04:24:18.002Z,Public,https://sunday.games/supernova/
MetaverseWear,N/A,236308.97,2022-03-14T04:03:10.279Z,Public,https://www.metaversewear.io/
Outer Ring,N/A,107039.08,2022-03-02T04:11:40.649Z,Public,https://outerringmmo.com/
Outer Ring,N/A,225455.93,2022-02-28T05:04:10.553Z,Public,https://outerringmmo.com/
Nomad Exiles,N/A,217273.48,2022-02-28T04:26:28.477Z,Public,https://pridemetaverse.io/
Nomad Exiles,N/A,77397.82,2022-02-28T04:09:03.277Z,Private,https://pridemetaverse.io/
TOYOVERSE,N/A,170084.195,2022-02-22T04:00:57.910Z,Public,https://toyoverse.com/
TOYOVERSE,N/A,97058.46,2022-02-21T03:54:28.123Z,Private,https://toyoverse.com/
ALTAVA,N/A,109262.707,2022-02-18T05:03:43.190Z,Public,https://www.altava.com/
Battleverse,N/A,14321.62,2022-02-17T17:56:10.569Z,Public,https://battleverse.io/
Battleverse,N/A,76673.21,2022-02-17T03:54:15.462Z,Public,https://battleverse.io/
Battleverse,N/A,65897.145,2022-02-16T03:57:52.811Z,Private,https://battleverse.io/
Plutonians – Republic Credits,N/A,176055.22,2022-02-11T11:23:36.575Z,Public,https://plutonians.tech/
Plutonians – Plutonian DAO,N/A,147328.08,2022-02-11T11:14:57.468Z,Public,https://plutonians.tech/
Plutonians – Republic Credits,N/A,71195.82,2022-02-11T04:59:17.234Z,Private,https://plutonians.tech/
Plutonians – Plutonian DAO,N/A,53726.98,2022-02-11T04:50:20.756Z,Private,https://plutonians.tech/
Bullieverse,N/A,58126.63,2022-02-09T04:21:50.003Z,Public,https://bullieverse.com/
Bullieverse,N/A,19563.859,2022-02-08T03:53:11.797Z,Private,https://bullieverse.com/
Battleverse,N/A,76597.21,2022-01-31T04:34:33.799Z,Private,https://battleverse.io/
Battleverse,N/A,241502.466,2022-01-31T04:20:45.079Z,Public,https://battleverse.io/
Citizen Conflict,N/A,59988.469,2022-01-25T03:46:43.444Z,Public,https://citizenconflict.com/home
Citizen Conflict,N/A,45855.43,2022-01-24T04:01:47.773Z,Private,https://citizenconflict.com/home
ALTAVA,N/A,270735.075,2022-01-21T06:28:00.941Z,Public,https://www.altava.com/
Plutonians – Plutonian DAO,N/A,136271.88,2022-01-21T06:18:04.963Z,Private,https://plutonians.tech/
Plutonians – Plutonian DAO,N/A,327669.015,2022-01-21T06:09:23.481Z,Public,https://plutonians.tech/
Plutonians – Republic Credits,N/A,111843.1,2022-01-21T05:58:15.203Z,Private,https://plutonians.tech/
Plutonians – Republic Credits,N/A,298943.8,2022-01-21T05:50:33.646Z,Public,https://plutonians.tech/
Bullieverse,N/A,75434.52,2022-01-21T05:40:58.836Z,Private,https://bullieverse.com/
Bullieverse,N/A,226873.29,2022-01-21T05:34:49.039Z,Public,https://bullieverse.com/
TOYOVERSE,N/A,140438.86,2022-01-21T05:26:53.958Z,Private,https://toyoverse.com/
TOYOVERSE,N/A,304914.204,2022-01-21T05:18:50.051Z,Public,https://toyoverse.com/
Citizen Conflict,N/A,141165.37,2022-01-21T05:02:20.243Z,Private,https://citizenconflict.com/home
Citizen Conflict,N/A,225010.996,2022-01-21T04:46:09.466Z,Public,https://citizenconflict.com/home
Syn City,N/A,19278.79,2022-01-20T04:15:31.182Z,Public,https://syn.city/
Heroes Chained,N/A,56391.004161,2022-01-17T04:17:04.473Z,Public,https://heroeschained.com/
Space Misfits,N/A,79964.759,2022-01-14T08:59:50.549Z,Public,https://spacemisfits.com/
Metastrike,N/A,35914.44,2022-01-11T04:12:10.603Z,Public,https://metastrike.io/
Syn City,N/A,0,2022-01-07T04:55:22.475Z,Public,https://syn.city/
Syn City,N/A,170720.647,2022-01-03T05:06:10.256Z,Public,https://syn.city/
World of Defish,N/A,40280.07,2021-12-28T04:39:28.460Z,Public,https://worldofdefish.com/
The Parallel,N/A,38033.134,2021-12-27T05:07:42.677Z,Public,
Heroes Chained,N/A,323608.934,2021-12-27T04:53:00.651Z,Public,https://heroeschained.com/
Space Misfits,N/A,300034.59,2021-12-27T04:36:02.953Z,Public,https://spacemisfits.com/
The Parallel,N/A,170966.508,2021-12-25T04:23:45.088Z,Public,
Universe Island,N/A,45766.99,2021-12-23T04:27:23.400Z,Public,https://universeisland.games/
Bit Hotel,N/A,38723.165,2021-12-22T05:52:40.207Z,Public,https://bithotel.io/
Bit Hotel,N/A,37244.13,2021-12-21T04:09:59.834Z,Private,https://bithotel.io/
Mousehaunt,N/A,29331.535,2021-12-20T08:57:04.241Z,Public,https://mousehaunt.com/
Ertha,N/A,44710.6617,2021-12-17T10:48:23.190Z,Public,https://ertha.io/
Ecio Space,N/A,43458.894,2021-12-17T10:36:14.836Z,Public,https://ecio.space/
SIDUS - SENATE,N/A,30825.173716,2021-12-15T04:41:57.532Z,Public,https://sidusheroes.com/
SIDUS - SIDUS,N/A,35084.143716,2021-12-15T04:31:10.896Z,Public,https://sidusheroes.com/
Spark Era,N/A,23381.266,2021-12-14T11:44:25.448Z,Public,https://www.firework.games/
GEOPOLY,N/A,36472.859,2021-12-13T11:16:03.993Z,Public,https://www.geopoly.io/
GEOPOLY,N/A,43831.96,2021-12-11T13:08:17.704Z,Private,https://www.geopoly.io/
Hololoot,N/A,22535.6,2021-12-10T11:50:48.779Z,Public,https://www.hololoot.io/
Ertha,N/A,240288.97,2021-12-10T09:43:38.403Z,Public,https://ertha.io/
Universe Island,N/A,239231.498,2021-12-09T09:39:14.299Z,Public,https://universeisland.games/
World of Defish,N/A,216218.594,2021-12-09T07:29:14.434Z,Public,https://worldofdefish.com/
Last Survivor,N/A,26052.87,2021-12-08T11:42:07.840Z,Public,https://lastsurvivor.io/
Last Survivor,N/A,8618.03,2021-12-07T16:15:00.679Z,Private,https://lastsurvivor.io/
Attack Wagon,N/A,34514.45,2021-12-03T14:02:02.200Z,Public,https://attackwagon.com/
Spintop,N/A,23618.637,2021-12-01T15:41:05.257Z,Public,https://spintop.network/
Age of Tanks,N/A,29639.144,2021-11-29T15:14:12.406Z,Public,https://ageoftanks.io/
Age of Tanks,N/A,10773.637,2021-11-28T13:54:55.823Z,Private,https://ageoftanks.io/
Bit Hotel,N/A,198773.722,2021-11-28T07:47:36.151Z,Public,https://bithotel.io/
Bit Hotel,N/A,152751.57,2021-11-28T07:43:03.719Z,Private,https://bithotel.io/
Hololoot,N/A,214963.574,2021-11-28T07:33:45.217Z,Public,https://www.hololoot.io/
SIDUS - SENATE,N/A,135424.41,2021-11-28T07:08:26.685Z,Public,https://sidusheroes.com/
Attack Wagon,N/A,208035.58,2021-11-28T07:02:10.663Z,Public,https://attackwagon.com/
Spark Era,N/A,214118.584,2021-11-28T06:56:07.983Z,Public,https://www.firework.games/
Metastrike,N/A,201585.559,2021-11-28T06:48:18.604Z,Public,https://metastrike.io/
Try Hards,N/A,20662.746,2021-11-23T15:20:40.269Z,Public,https://tryhards.io/
Try Hards,N/A,264336.8207662503,2021-11-17T10:36:02.810Z,Public,https://tryhards.io/
Age of Tanks,N/A,122224.52,2021-11-17T09:37:12.631Z,Private,https://ageoftanks.io/
Age of Tanks,N/A,255360.85,2021-11-17T09:29:48.332Z,Public,https://ageoftanks.io/
Spintop,N/A,261378.89,2021-11-17T09:23:12.631Z,Public,https://spintop.network/
GEOPOLY,N/A,241163.55,2021-11-17T09:16:31.353Z,Private,https://www.geopoly.io/
GEOPOLY,N/A,248525.52,2021-11-17T09:01:40.777Z,Public,https://www.geopoly.io/
Last Survivor,N/A,211446.94,2021-11-16T11:56:10.241Z,Public,https://lastsurvivor.io/
Last Survivor,N/A,181381.97,2021-11-16T11:52:43.399Z,Private,https://lastsurvivor.io/
SIDUS - SIDUS,N/A,131165.18,2021-11-16T11:22:00.847Z,Public,https://sidusheroes.com/
Cryowar,N/A,14191.386,2021-11-11T15:15:43.481Z,Public,https://cryowar.com/
ScottyBeam,N/A,17490.886,2021-11-09T14:59:21.336Z,Public,https://scottybeam.io/
ScottyBeam,N/A,172509.109,2021-11-04T15:16:20.108Z,Public,https://scottybeam.io/
Cryowar,N/A,128308.1099999,2021-11-04T15:00:00.336Z,Public,https://cryowar.com/
Good Games Guild,N/A,23511.186,2021-11-04T14:53:50.630Z,Public,https://www.goodgamesguild.com/
Ecio Space,N/A,194038.87,2021-11-03T05:28:21.237Z,Public,https://ecio.space/
Gaia Everworld,N/A,10794.256,2021-11-02T04:15:25.096Z,Public,https://gaiaworld.com/
AcknoLedger,N/A,21624.73,2021-10-27T14:54:46.413Z,Public,https://acknoledger.com/
Hero Arena,N/A,16655.68,2021-10-21T04:14:38.701Z,Public,https://heroarena.app/
Mousehaunt,N/A,255668.09,2021-10-20T07:41:59.244Z,Public,https://mousehaunt.com/
Hero Arena,N/A,4215.476,2021-10-20T04:25:35.959Z,Private,https://heroarena.app/
Defina,N/A,33499.19,2021-10-12T05:45:02.014Z,Public,https://defina.finance/
Defina,N/A,34509.82,2021-10-09T06:44:15.158Z,Private,https://defina.finance/
Bloktopia,N/A,17107.87,2021-10-06T04:33:08.633Z,Public,https://www.bloktopia.com/ 
Hero Arena,N/A,95783.836,2021-10-05T13:23:24.003Z,Private,https://heroarena.app/
Hero Arena,N/A,173343.463,2021-10-05T13:13:05.011Z,Public,https://heroarena.app/
AcknoLedger,N/A,168374.799,2021-10-05T08:40:15.862Z,Public,https://acknoledger.com/
Defina,N/A,265489.859999,2021-10-05T06:46:29.785Z,Private,https://defina.finance/
Defina,N/A,251500.339,2021-10-05T06:42:22.324Z,Public,https://defina.finance/
Gaia Everworld,N/A,274205.409,2021-10-04T08:40:35.916Z,Public,https://gaiaworld.com/
Good Games Guild,N/A,166488.7814,2021-10-03T10:40:00.049Z,Public,https://www.goodgamesguild.com/
Continuum World,N/A,30096.13,2021-10-01T17:25:42.282Z,Public,https://continuum.world/
CryptoBlades Kingdoms,N/A,67543.59,2021-09-29T17:20:23.992Z,Public,https://cryptobladeskingdoms.io/
CryptoBlades Kingdoms,N/A,42121.5,2021-09-28T17:01:20.568Z,Private,https://cryptobladeskingdoms.io/
CryptoBlades Kingdoms,N/A,307877.747,2021-09-22T06:32:05.677Z,Private,https://cryptobladeskingdoms.io/
CryptoBlades Kingdoms,N/A,532456.2365199,2021-09-22T06:20:00.302Z,Public,https://cryptobladeskingdoms.io/
Forest Knight,N/A,11978.0119,2021-09-19T01:43:21.564Z,Public,
Continuum World,N/A,159903.038,2021-09-18T01:33:01.969Z,Public,https://continuum.world/
Bloktopia,N/A,220391.86699,2021-09-18T01:32:01.969Z,Public,https://www.bloktopia.com/ 
Monsters Clan,N/A,17250.3016,2021-09-15T04:51:31.611Z,Public,https://monstersclan.com/
Monsters Clan,N/A,220248.7854,2021-09-15T04:50:31.611Z,Public,https://monstersclan.com/
Pocoland,N/A,34098.5,2021-09-10T04:46:22.457Z,Public,https://pocoland.com/
Pocoland,N/A,298398.2356,2021-09-10T04:45:22.457Z,Public,https://pocoland.com/
SNOOK,N/A,15123.19,2021-09-07T06:47:53.672Z,Public,https://playsnook.com/
SNOOK,N/A,50222.727,2021-09-06T19:21:38.032Z,Public,https://playsnook.com/
SNOOK,N/A,124650.0552,2021-08-31T12:21:44.376Z,Public,https://playsnook.com/
Forest Knight,N/A,83021.636,2021-08-31T11:12:30.465Z,Public,
Pocoland Private,N/A,0,2021-08-30T11:00:00.934Z,Private,https://pocoland.com/
Cryptomeda,N/A,0,2021-08-25T09:12:54.385Z,Private,https://cryptomeda.tech/
Cryptomeda,N/A,0,2021-08-14T10:54:48.700Z,Private,https://cryptomeda.tech/
Test BUSD,N/A,0.3,2021-08-12T07:53:19.337Z,Private,
Fanadise,N/A,0,2021-07-29T10:32:39.450Z,Private,https://fanadise.com/
Fanadise,N/A,0,2021-07-29T05:09:33.312Z,Private,https://fanadise.com/
Landshare.io,N/A,0,2021-07-21T17:05:58.934Z,Private,https://landshare.io/
Landshare.io,N/A,0,2021-07-21T09:39:12.888Z,Private,https://landshare.io/
Wizard.financial,N/A,0,2021-07-15T11:41:32.962Z,Private,
Wizard.financial,N/A,0,2021-07-01T04:59:01.422Z,Private,https://wizard.financial/
