Business Name,Latitude,Longitude,Street,City,State,Zip Code
CONFIANZA,33.4720006,-86.8198736,405 VALLEY AVE,BIRMINGHAM,AL,35209
SIMPLE TECH,33.4684089,-86.8333737,260 W VALLEY AVE STE G,BIRMINGHAM,AL,35209
VARIEDADES EL QUETZAL #4,33.5849716,-86.7732268,1612 PINSON VALLEY PKWY # B,BIRMINGHAM,AL,35217
EL GIRASOL (ALABAMA),33.5748714,-86.7207915,8506 1ST AVE N,BIRMINGHAM,AL,35206
PANADERIA Y PASTELERIA LA CONCHITA,33.393981,-86.7965079,3309 LORNA RD STE 10,VESTAVIA HILLS,AL,35216
CONFIANZA (HOOVER),33.3939651,-86.7976331,3305 LORNA RD STE 3,HOOVER,AL,35244
TIENDA EBENEZER MARKET,33.4338487,-86.9383455,4325 BESSEMER SUPER HWY,BESSEMER,AL,35020
CONFIANZA (AL),33.648702,-86.6818547,2375 1ST ST NE,CENTER POINT,AL,35215
LA PERLA TIENDA MEXICANA TAQUERIA,33.4033346,-86.9642468,1516 9TH AVE N STE 106,BESSEMER,AL,35020
PELHAM BP,33.3318043,-86.7927054,2260 PELHAM PARKWAY,PELHAM,AL,35124
TIENDA HISPANA,32.3771615,-86.281703,1857 MOUNT MEIGS RD,MONTGOMERY,AL,36107
TIENDA HISPANA #4,32.3937898,-86.257777,510 COLISEUM BLVD,MONTGOMERY,AL,36109
EL CHIDO,32.3849971,-86.1986745,152 N BURBANK DR,MONTGOMERY,AL,36117
TIENDA LA BENDICION (AL),32.3117549,-86.2237594,4460 TROY HWY,MONTGOMERY,AL,36116
COLORADO MARKET,32.304469,-86.219222,4590 TROY HWY,MONTGOMERY,AL,36116
TIENDA GUATEMAYA,32.5022907,-86.3886759,2538 HIGHWAY 14,MILLBROOK,AL,36054
TIENDA LA PRIMAVERA 2 (RP),32.1434041,-85.7186245,120 BLACKMON AVE W,UNION SPRINGS,AL,36089
TIENDA LA PRIMAVERA 2 (PC),32.1434041,-85.7186245,120 BLACKMON AVE W,UNION SPRINGS,AL,36089
GUATEMEX MINI SUPER,32.1465086,-85.713611,301 MARTIN LUTHER KING BLVD N,UNION SPRINGS,AL,36089
LA FUENTE (RP),30.666765,-88.089801,706 HOLCOME AVE,MOBILE,AL,36606
LA FUENTE (PC),30.666765,-88.089801,706 HOLCOMBE AVE,MOBILE,AL,36606
TIENDA LA BENDICION (MOBILE),30.6720889,-88.1498595,310 AZALEA RD,MOBILE,AL,36609
TIENDA GUATEMALTECA (DAPHNE),30.6082805,-87.8997331,2101 US HIGHWAY 98 STE C,DAPHNE,AL,36526
MY AMIGO,30.6399035,-88.2232953,2423 SCHILLINGER RD S STE 106,MOBILE,AL,36695
TIENDA LA AZTECA,30.5453709,-87.7103219,18450 STATE HIGHWAY 104 UNIT B,ROBERTSDALE,AL,36567
LA GUADALUPANA (ALABAMA),30.4071175,-87.7323061,17075 US HIGHWAY 98 STE B,FOLEY,AL,36535
TIENDA LA ROSITA,30.3918085,-87.7174733,11487 COUNTY ROAD 65,FOLEY,AL,36535
LA PLACITA,30.4159563,-87.683408,912 N MCKENZIE ST,FOLEY,AL,36535
DON LUPES GROCERY,30.3895324,-87.6838845,1508 S MCKENZIE ST STE E,FOLEY,AL,36535
LOPEZ SMART PHONES & GROCERY,34.5559982,-86.5860639,777 HIGHWAY 231,LACEYS SPRING,AL,35754
LA VICTORIA 2 (TN),35.0770762,-86.5711045,2750 HUNTSVILLE HWY STE C,FAYETTEVILLE,TN,37334
UNIVERSAL WIRELESS SOLUTIONS,34.5784862,-86.9876825,116 14TH ST SW STE B,DECATUR,AL,35601
TIENDA EL PARAISO #2,34.2699184,-86.2089406,212 N BROAD ST STE C,ALBERTVILLE,AL,35950
LA ORQUIDEA RESTAURANT,34.253164,-86.1941663,801 BALTIMORE AVE,ALBERTVILLE,AL,35950
TIENDA LOS TRES HERMANOS (TUSCALOOSA),33.1951115,-87.5612616,1933 GREENSBORO AVE,TUSCALOOSA,AL,35401
TIENDA MI PREFERIDA,33.2365396,-87.5674105,919 MCFARLAND BLVD,NORTHPORT,AL,35476
TIENDA LATINA EL PUERTO,33.1869683,-87.5272979,625 HARGROVE RD E,TUSCALOOSA,AL,35401
TIENDA EL RIO GRANDE,33.2062081,-87.5011363,2815 UNIVERSITY BLVD E,TUSCALOOSA,AL,35404
LA MINISUPER (RP),33.2198658,-87.4865978,401 CRESCENT RIDGE RD NE # 1,TUSCALOOSA,AL,35404
LA MINISUPER (PC),33.2331195,-87.4811622,1600 CRESCENT RIDGE RD NE,TUSCALOOSA,AL,35404
LA ESQUINITA JEHOVA JIREH,33.1726452,-87.3699263,14489 HIGHWAY 11 N,COALING,AL,35453
TACOS Y POLLOS EL BAMBINO,33.1741454,-87.2327909,10562 VANCE BLOCTON RD,VANCE,AL,35490
SU COCINA,33.1656215,-87.2304125,10830 VANCE BLOCTON RD,VANCE,AL,35490
TIENDA CHIANTLA (AL),32.9477427,-87.1377209,215 MONTEVALLO RD,CENTREVILLE,AL,35042
MEXICO LINDO MINI MARKET,61.1810048,-149.9058076,1201 W TUDOR RD STE A,ANCHORAGE,AK,99503
E & M ORIENTAL STORE,58.2987995,-134.4043495,208 ADMIRAL WAY,JUNEAU,AK,99801
EASY MART,33.4361931,-112.0833601,1216 S 7TH AVE,PHOENIX,AZ,85007
WY MARKET,33.4362682,-112.0982406,1819 W BUCKEYE RD,PHOENIX,AZ,85007
EL KIOSKO (5),33.4582568,-112.0473742,907 N 16TH ST,PHOENIX,AZ,85006
EDDIES FOOD MARKET,33.437036,-112.1126321,2446 W BUCKEYE RD,PHOENIX,AZ,85009
M&R ENVIOS MULTIEXPRESS II,33.4655132,-112.1181744,2723 W MCDOWELL RD,PHOENIX,AZ,85009
LA TIA MONEY TRANSFER SERVICES (AZ),33.4655316,-112.1189661,2739 W MCDOWELL RD,PHOENIX,AZ,85009
MI TIENDA LATINA,33.4678188,-112.0296353,1811 N 24TH ST STE E,PHOENIX,AZ,85008
ARIZONA FAST MONEY 2,33.4516701,-112.1262084,3102 W VAN BUREN ST,PHOENIX,AZ,85009
SHIV PARVATI CHECK CASHING,33.4508835,-112.0210424,2801 E VAN BUREN ST STE 1,PHOENIX,AZ,85008
JOHNS RANCHO MARKET,33.4053144,-112.0902764,4447 S 15TH AVE,PHOENIX,AZ,85041
MONEDA EXPRESS 2,32.2729282,-110.993493,1310 W PRINCE RD,TUCSON,AZ,85705
TRES AMIGOS,33.4074405,-111.8247662,253 E BROADWAY RD,MESA,AZ,85210
ENVIOS DE DINERO REY DE ESPADAS,33.4080574,-111.8183694,606 E BROADWAY RD,MESA,AZ,85204
MESA FOOD & DELI,33.4081766,-111.8149017,744 E BROADWAY RD,MESA,AZ,85204
GLOBAL ENVIOS #5,33.4076441,-111.8148569,751 E BROADWAY RD,MESA,AZ,85204
LA OLANCHANA,33.393709,-111.8493199,830 W SOUTHERN AVE STE 7,MESA,AZ,85210
ENVIOS SI COMO NO,33.4083737,-111.8007159,1416 E BROADWAY RD,MESA,AZ,85204
LUNA KOREANITA OK,33.4162051,-111.7994509,1454 E MAIN ST,MESA,AZ,85203
GLOBAL ENVIOS (MESA),33.4156824,-111.7958633,1616 E MAIN ST STE 128,MESA,AZ,85203
CASA DE CAMBIO DEL RANCHO,33.4093912,-111.7889416,330 S GILBERT RD STE 11,MESA,AZ,85204
ENVIOS MI GENTE II,33.4221434,-111.7889242,1933 E UNIVERSITY DR,MESA,AZ,85203
DON FILOS MARKET (SCOTTSDALE),33.4517421,-111.9167095,7620 E MCKELLIPS RD STE 7-8,SCOTTSDALE,AZ,85257
N&D ENVIOS Y ABARROTES LATINOS,33.4516041,-111.978818,314 N 48TH ST,PHOENIX,AZ,85008
CASA DE LA MONEDA,33.466722,-112.0050668,1610 N 36TH ST # B102,PHOENIX,AZ,85008
EL KIOSKO MULTISERVICIOS,33.4742581,-112.0123814,2401 N 32ND ST STE 5,PHOENIX,AZ,85008
ALBA ENVIOS MULTIEXPRESS (AZ),33.474575,-112.0132176,2340 N 32ND ST,PHOENIX,AZ,85008
MINI MARKET LA TIENDITA (AZ),33.4667912,-112.0125818,1617 N 32ND ST STE 3&4ND,PHOENIX,AZ,85008
SUPER CARNICERIA DON FILOS (TEMPE),33.4145848,-111.9130122,1531 E APACHE BLVD 1533,TEMPE,AZ,85281
YERBERIA EL MEXICANO 1,33.4655588,-112.0177287,2945 E MCDOWELL RD,PHOENIX,AZ,85008
ENVIO LOS AMIGOS (PHOENIX),33.3924965,-111.9802205,4705 E SOUTHERN AVE,PHOENIX,AZ,85042
RASPADOS EL MALECON,33.392206,-111.980203,4715 E SOUTHERN AVE,PHOENIX,AZ,85042
ENVIO LOS AMIGOS (GUADALUPE),33.3632565,-111.9634508,9210 S AVENIDA DEL YAQUI,GUADALUPE,AZ,85283
EL PAISANO MEXICAN STORE,34.797312,-92.270692,404 W 47TH ST,NORTH LITTLE ROCK,AR,72118
CASA DE CAMBIO (LITTLE ROCK),34.6897841,-92.3199105,4001 W 65TH ST,LITTLE ROCK,AR,72209
LA FAMA,34.689867,-92.335329,5303 W 65TH ST,LITTLE ROCK,AR,72209
MINI SUPER LA PERLA (AR) (RP),34.7593392,-92.3798548,9501 N RODNEY PARHAM RD STE D,LITTLE ROCK,AR,72227
MINI SUPER LA PERLA (AR) (PC),34.7593392,-92.3798548,9501 N RODNEY PARHAM RD STE D,LITTLE ROCK,AR,72227
VARIEDADES Y CALZADO TIPICOS,34.6852371,-92.3432086,7115 GEYER SPRING RD,LITTLE ROCK,AR,72209
GUATELINDA GROCERY STORE,34.6689046,-92.3315512,4808 BASELINE RD,LITTLE ROCK,AR,72209
LA POTOSINA (LITTLE ROCK),34.6691867,-92.3380598,5412 BASELINE RD STE A,LITTLE ROCK,AR,72209
EL SUPER LATINO (AR),34.6677887,-92.3440522,9023 GEYER SPRINGS RD UNIT 2,LITTLE ROCK,AR,72209
LA REGIONAL (AR) (PC),34.6700531,-92.3599048,7400 BASELINE RD,LITTLE ROCK,AR,72209
R&C SATELLITE TEC AND MORE,35.413238,-94.3872785,3919 N O ST,FORT SMITH,AR,72904
LA HERRADURA (FORT SMITH),35.3701394,-94.3744327,1200 S WALDRON RD STE 126,FORT SMITH,AR,72903
LA TIENDITA SANJUAN,35.0744341,-94.62845,2210 N BROADWAY ST STE C,POTEAU,OK,74953
EL SOLECITO 3 (PC),34.8931939,-94.602724,200 W 1ST ST,HEAVENER,OK,74937
VILLAS MARKET (PC),34.887588,-94.6011907,501 E 1ST ST,HEAVENER,OK,74937
KAYLA J AUSTIN,34.900013,-94.102521,1047 W 2ND ST SUITE A,WALDRON,AR,72958
LA DESPENSA LATINA (AR),36.1568208,-94.1191162,3138 S OLD MISSOURI RD STE 102,SPRINGDALE,AR,72764
TIENDA EL SALVADORENO,36.1751479,-94.1464982,1528 W SUNSET AVE STE G,SPRINGDALE,AR,72764
LA HERRADURA (SPRINGDALE),36.1909159,-94.1377111,701 N THOMPSON ST STE H,SPRINGDALE,AR,72764
NOVEDADES SUSSY,36.3304978,-94.1266565,400 S 8TH ST STE E,ROGERS,AR,72756
LA PASADITA (AR),36.184366,-94.534477,803 E MAIN ST,SILOAM SPRINGS,AR,72761
LA ESQUINA MARKET (AR),36.0921951,-93.7420411,720 N GASKILL ST STE 1,HUNTSVILLE,AR,72740
TIENDA MEXICANA SAN JUAN (AR) (RP),35.8395111,-90.7078189,322 W MONROE AVE STE E,JONESBORO,AR,72401
TIENDA MEXICANA SAN JUAN (AR) (PC),35.8395111,-90.7078189,322 W MONROE AVE STE E,JONESBORO,AR,72401
EL EXITO MARKET,35.845583,-90.6863112,1700 E JOHNSON AVE STE A,JONESBORO,AR,72401
SUN & LUNA (AR),35.8248875,-90.6574035,3915 E NETTLETON AVE STE J,JONESBORO,AR,72401
MARKET & BOUTIQUE G,35.6774535,-90.5240482,335 HIGHWAY 463 N,TRUMANN,AR,72472
TIENDA EL POTOSINO (PC),36.0523877,-90.4927285,610 E KINGSHIGHWAY,PARAGOULD,AR,72450
TIENDA MEXICANA SAN JUAN II (RP),36.0524513,-90.4827021,320 E KINGSHIGHWAY,PARAGOULD,AR,72450
TIENDA MEXICANA SAN JUAN II (PC),36.0524513,-90.4827021,320 E KINGSHIGHWAY,PARAGOULD,AR,72450
SUN & LUNA,35.9355941,-90.25819,103 W 3RD ST,LEACHVILLE,AR,72438
NEA MERCADO (PC),36.2385176,-90.9586416,2703 HIGHWAY 67 S,POCAHONTAS,AR,72455
MC TELECOM,34.0447525,-118.2529583,214 1/2 W 7TH ST,LOS ANGELES,CA,90014
LAS PALMITAS MINI MARKET,34.03495,-118.2555836,1205 WALL ST,LOS ANGELES,CA,90015
CENTRO DE PAGOS Y SERVICIOS MARLYN (CA),34.0570169,-118.2696335,1612 W 6TH ST,LOS ANGELES,CA,90017
NW COMMUNICATION,34.0583078,-118.2715054,1815 W 6TH ST STE 104,LOS ANGELES,CA,90057
CENTRO DE PAGOS Y SERVICIOS MARLYN #2,34.0586726,-118.2719566,1835 W 6TH ST,LOS ANGELES,CA,90057
CENTRO DE PAGOS Y SERVICIOS EL QUETZAL,34.0593602,-118.2739834,2011 W 6TH ST,LOS ANGELES,CA,90057
VIACASH (PC),34.0595778,-118.2748931,2135 W 6TH ST,LOS ANGELES,CA,90057
VIACASH (CONSULATE),34.0595778,-118.2748931,2135 W 6TH ST,LOS ANGELES,CA,90057
VARIEDADES A AND K,34.0584014,-118.2752793,636 S ALVARADO ST SPC 3,LOS ANGELES,CA,90057
CHAVEZ CONNECT CELL,34.0559126,-118.2759665,2002 W 7TH ST,LOS ANGELES,CA,90057
U-SEND EXPRESS (II),37.7835586,-122.4146032,409 EDDY ST,SAN FRANCISCO,CA,94109
ANGIES JEWELRY,37.7589138,-122.419394,2386 MISSION ST,SAN FRANCISCO,CA,94110
MONEY EXPRESS CENTER 2,37.7526185,-122.4150599,993 SHOTWELL ST,SAN FRANCISCO,CA,94110
MONEY FAST (SAN FRANCISCO),37.7521593,-122.4201611,3376 24 TH ST,SAN FRANCISCO,CA,94110
ANTOJITO PATRY #2,37.7514114,-122.4179904,2853 MISSION ST,SAN FRANCISCO,CA,94110
U-SEND EXPRESS (III),37.7512126,-122.4181671,2865 MISSION ST,SAN FRANCISCO,CA,94110
MONEY EXPRESS CENTER (SAN FRANCISCO),37.7244929,-122.434658,4601 MISSION ST,SAN FRANCISCO,CA,94112
SAN FRANCISCO BAY COMPUTER SERVICES,37.7208136,-122.4380057,4830 MISSION ST STE 101,SAN FRANCISCO,CA,94112
LA CHAPINA,37.7204966,-122.4378016,4865 MISSION ST,SAN FRANCISCO,CA,94112
U-SEND EXPRESS,37.7128034,-122.4442578,5483 MISSION ST,SAN FRANCISCO,CA,94112
LOS PRIMOS MARKET (RP),32.7187558,-117.1336507,1241 28TH ST,SAN DIEGO,CA,92102
LOS PRIMOS MARKET (PC),32.7187558,-117.1336507,1241 28TH ST,SAN DIEGO,CA,92102
GAGGO BROTHERS CHECK CASHING,32.7014639,-117.1292787,425 S 30TH ST STE A,SAN DIEGO,CA,92113
MINI MATTIE,32.7010647,-117.1270291,3109 OCEAN VIEW BLVD STE 100,SAN DIEGO,CA,92113
NOVEDADES Y SERVICIOS PLUS,32.6958203,-117.1178693,3547 NATIONAL AVE,SAN DIEGO,CA,92113
ENVIOS DE DINERO Y MAS,32.6958414,-117.1138247,3737 NATIONAL AVE,SAN DIEGO,CA,92113
ROSSYS REGISTRATION SERVICE,32.7499289,-117.1200029,3420 UNIVERSITY AVE,SAN DIEGO,CA,92104
URBINA MULTI SERVICES 2,32.7547978,-117.1238772,3243 EL CAJON BLVD,SAN DIEGO,CA,92104
MOREL EXPRESS,32.7495637,-117.1165135,3557 UNIVERSITY AVE,SAN DIEGO,CA,92104
SERVI-PAQ,32.6939151,-117.1027992,1212 S 43 RD ST SUIT B,SAN DIEGO,CA,92113
DEPORTES JANITZIO (CA),38.6097937,-121.4753002,2372 NORTHGATE BLVD,SACRAMENTO,CA,95833
LA DELICIA,38.6135942,-121.4752091,2690 NORTHGATE BLVD,SACRAMENTO,CA,95833
LA VICTORIA SUPERMERCADO (PC),38.6132996,-121.4462807,2537 DEL PASO BLVD,SACRAMENTO,CA,95815
DISCOTECA SANCHEZ (SACRAMENTO),38.5260047,-121.4729051,5550 FRANKLIN BLVD STE 110,SACRAMENTO,CA,95820
PANADERIA LOS ARCOS,38.5245052,-121.4777973,2782 FRUITRIDGE RD,SACRAMENTO,CA,95820
EL AMIGAZO WESTERN WEAR 1,38.5258931,-121.4432308,5410 STOCKTON BLVD,SACRAMENTO,CA,95820
CARNICERIA FAMILIA LOPEZ MARKET 3,38.6177146,-121.4149475,2160 MARCONI AVE,SACRAMENTO,CA,95821
TOLEDOS MEXICAN MARKET,38.5901499,-121.4023332,1341 FULTON AVE,SACRAMENTO,CA,95825
ARTEAGAS MARKET,38.5956244,-121.3918123,3100 ARDEN WAY,SACRAMENTO,CA,95825
CARNICERIA MIS AMIGOS,38.4936779,-121.4605794,7260 FRANKLIN BLVD,SACRAMENTO,CA,95823
EL AGUAJE AGUA PURIFICADA Y MERCADO (SAN JOSE),37.3184722,-121.8825657,218 WILLOW ST,SAN JOSE,CA,95110
SOL TRAVEL AND MONEY SVC,37.3176334,-121.8843078,308 WILLOW ST,SAN JOSE,CA,95110
JOYERIA DEL SOL (III),37.3173182,-121.8847128,322 WILLOW ST,SAN JOSE,CA,95110
FRANCO PAYMENTS,37.3229813,-121.871839,311 KEYES ST,SAN JOSE,CA,95112
NOVEDADES Y DISCOTECA NUEVO INDITO (CA),37.3410892,-121.862358,1130 E WILLIAM ST,SAN JOSE,CA,95116
JOYERIA TORRES (WILLIAM ST),37.3411306,-121.8622874,1140 E WILLIAM ST,SAN JOSE,CA,95116
JT&M MULTISERVICES,37.309376,-121.8871892,573 W ALMA AVE,SAN JOSE,CA,95125
JOYERIA TORRES (MCKEE),37.3567922,-121.8635072,1625 MCKEE RD,SAN JOSE,CA,95116
EL PRIMO ENVIOS (ALUM),37.3533161,-121.8553329,1737 ALUM ROCK AVE,SAN JOSE,CA,95116
JOYERIA TORRES (KING RD),37.345628,-121.8480251,398 S KING RD,SAN JOSE,CA,95116
LA SANCHEZ,39.7643414,-104.9676039,1626 BRUCE RANDOLPH AVE,DENVER,CO,80205
EL CENTENARIO (DENVER) (RP),39.754508,-105.0249216,2546 FEDERAL BLVD,DENVER,CO,80211
EL CENTENARIO (DENVER) (PC),39.754508,-105.0249216,2546 FEDERAL BLVD,DENVER,CO,80211
LA GOTITA (RP),39.7228188,-105.0254104,399 FEDERAL BLVD,DENVER,CO,80219
LA GOTITA (PC),39.7228188,-105.0254104,399 FEDERAL BLVD,DENVER,CO,80219
DISTRIBUIDORA DULCE FIESTA,39.7109166,-105.0276723,3152 W ALAMEDA AVE,DENVER,CO,80219
PANADERIA MEXICO (DENVER),39.7184291,-105.0358079,3637 W 1ST AVE,DENVER,CO,80219
EL AGUAJES MISCELANEA (PC),39.7070512,-105.0246476,506 S FEDERAL BLVD UNIT B,DENVER,CO,80219
CARNICERIA SANCHEZ,39.7797296,-104.9548796,2630 E 46TH AVE UNIT B,DENVER,CO,80216
JUDYS PLAZA (PC),39.7775342,-104.949426,3200 E 44TH AVE,DENVER,CO,80216
LOS POTRILLOS (COLORADO SPRINGS),38.8239708,-104.7798213,461 S CIRCLE DR,COLORADO SPRINGS,CO,80910
LA TIENDITA MARKET (CO),38.8554807,-104.7763879,1534 N CIRCLE DR,COLORADO SPRINGS,CO,80909
LEONELA 2002 INC (RP),38.8323331,-104.7606169,3736 E PIKES PEAK AVE,COLORADO SPRINGS,CO,80909
LUNA MARKET (CO),38.8274764,-104.7579734,280 S ACADEMY BLVD,COLORADO SPRINGS,CO,80910
LA MISMA VACA (RP),38.8363322,-104.75672,217 N ACADEMY BLVD,COLORADO SPRINGS,CO,80909
MI TIENDA LATINO AMERICANA (CO),38.8467599,-104.7564532,975 N ACADEMY BLVD STE D,COLORADO SPRINGS,CO,80909
GLOBAL ENVIOS (COLORADO SPRING),38.8833044,-104.7574592,3572 N ACADEMY BLVD,COLORADO SPRINGS,CO,80917
TIENDA GUATEMALTECA (COLORADO SPRINGS),38.8968807,-104.7607395,4337 N ACADEMY BLVD STE 120,COLORADO SPRINGS,CO,80918
MI COATEPEC,39.3745833,-104.8583157,504 PERRY ST UNIT C,CASTLE ROCK,CO,80104
ANAYAS BAKERY (AURORA),39.7410728,-104.8190598,1550 SABLE BLVD,AURORA,CO,80011
ABARROTES LA BENDICION (CO),39.7287991,-104.8466087,104 DEL MAR CIR BLDG 104,AURORA,CO,80011
GLOBAL ENVIOS 11,39.7278337,-104.8470674,738 PEORIA ST STE J FRNT,AURORA,CO,80011
D HISPANOS,39.7396769,-104.8080723,15480 E COLFAX AVE,AURORA,CO,80011
ENVIOS LA MARTINA,39.740763,-104.8604177,10929 E COLFAX AVE,AURORA,CO,80010
D HISPANOS (COLFAX AVE),39.7399092,-104.8632255,10720 E COLFAX AVE,AURORA,CO,80010
GLOBAL ENVIOS (AURORA),39.739139,-104.8708625,1408 DEL MAR PKWY # B2,AURORA,CO,80010
DIA INTERNATIONAL MARKET,39.739139,-104.8708625,1408 DEL MAR PKWY STE A1,AURORA,CO,80010
NATIONS FLOOR SUPPLY,39.7190301,-104.7983395,16200 E 2ND AVE UNIT 130,AURORA,CO,80011
DULCERIA EL PACHANGON,39.740317,-104.8766721,9535 E COLFAX AVE,AURORA,CO,80010
LA BARATA #2,40.6001711,-105.0768795,1005 N COLLEGE AVE,FORT COLLINS,CO,80524
LAS DELICIAS (COLLEGE AVE),40.6046905,-105.0760652,1298 N COLLEGE AVE,FORT COLLINS,CO,80524
CARNICERIA LAS DELICIAS (RP),40.5650225,-105.0770954,1705 S COLLEGE AVE,FORT COLLINS,CO,80525
CARNICERIA LAS DELICIAS (PC),40.5650225,-105.0770954,1705 S COLLEGE AVE,FORT COLLINS,CO,80525
LAS DELICIAS (FORT COLLINS) (RP),40.6120262,-105.0768622,1845 N COLLEGE AVE STE 130,FORT COLLINS,CO,80524
LAS JOVANNAS TIENDA,40.5815991,-105.0450059,1736 E MULBERRY ST STE B,FORT COLLINS,CO,80524
LAS DELICIAS (FORT COLLINS) (PC),40.6120262,-105.0768622,1845 N COLLEGE AVE STE 130,FORT COLLINS,CO,80524
LAS DELICIAS (MULBERRY ST),40.5804671,-105.0176731,3201 E MULBERRY ST UNIT F,FORT COLLINS,CO,80524
SUPER CELLULAR (FORT COLLINS),40.5231397,-105.0641095,731 E HARMONY RD UNIT 200,FORT COLLINS,CO,80525
SUPER CELLULAR (LOVELAND),40.4243278,-105.073574,273 E 29TH ST STE D,LOVELAND,CO,80538
GLOBAL ENVIOS (LAKEWOOD),39.7145137,-105.054119,105 S SHERIDAN BLVD # 226,LAKEWOOD,CO,80226
CARNICERIA LA GUADALAJARA (DENVER),39.7186205,-105.0527734,5185 W 1ST AVE,DENVER,CO,80219
FRUTERIA LA MEXICANA (CO),39.7280044,-105.0526588,706 SHERIDAN BLVD,DENVER,CO,80214
LA PASADITA DE WESTWOOD,39.706935,-105.0392578,3915 MORRISON RD,DENVER,CO,80219
PRIME MEAT MARKET,39.6819699,-105.0551274,1945 S SHERIDAN BLVD UNIT 102,DENVER,CO,80227
SUPER CARNICERIA LA HACIENDA (DENVER),39.7015727,-105.0255607,845 S FEDERAL BLVD,DENVER,CO,80219
LA TREMENDA MUSICAL,39.69776,-105.0254063,1035 S FEDERAL BLVD STE B,DENVER,CO,80219
MARIBEL GROCERY,41.1869317,-73.1974007,235 MADISON AVE,BRIDGEPORT,CT,6604
BAGHDAD HALAL SUPER MARKET,41.1726676,-73.2029713,978 STATE ST,BRIDGEPORT,CT,6605
203 MAIN MARKET,41.1910347,-73.1964266,2032 MAIN ST # 1,BRIDGEPORT,CT,6604
ECUA EXPRESS GROCERY,41.1912716,-73.180668,1211 E MAIN ST,BRIDGEPORT,CT,6608
SERVIAL,41.1719419,-73.2048767,1100 STATE ST,BRIDGEPORT,CT,6605
MUNDO ENVIOS (CT),41.1935302,-73.2057825,911 MADISON AVE,BRIDGEPORT,CT,6606
CREOLE INGREDIENT,41.202742,-73.1796043,2051 MAIN ST,BRIDGEPORT,CT,6604
COLLADOS GROCERY (BRIDGEPORT),41.2068367,-73.1788839,2351 MAIN ST,BRIDGEPORT,CT,6606
CELLFIX WIRELESS,41.2142854,-73.2117774,3920 MAIN ST,BRIDGEPORT,CT,6606
CONTINENTAL DE ENVIOS,41.2182756,-73.2154025,4267 MAIN ST,BRIDGEPORT,CT,6606
NOLLYWOOD MOVIE INDUSTRY,41.3185976,-72.93431,206 DIXWELL AVE STE 4,NEW HAVEN,CT,6511
ENVIOS ECUAMEX,41.3085821,-72.8999342,318 GRAND AVE,NEW HAVEN,CT,6513
SPEEDY GONZALEZ MULTISERVICES (III),41.3086851,-72.8973672,254 GRAND AVE FL1,NEW HAVEN,CT,6513
AP FINANCIAL SERVICES,41.2860317,-72.9360676,236 KIMBERLY AVE,NEW HAVEN,CT,6519
A&E SUKU EXPRESS,41.2967845,-72.892917,84A FARREN AVE,NEW HAVEN,CT,6513
M&R VARIEDADES LATINAS,41.2851545,-72.8852131,641 MAIN ST FRNT,EAST HAVEN,CT,6512
SPEEDY GONZALEZ MULTISERVICES (IV),41.2721393,-72.9495285,505 CAMPBELL AVE,WEST HAVEN,CT,6516
ERAVITACY DESIGNS & MULTISERVICES,41.3487994,-72.9328574,1310 DIXWELL AVE APT 3,HAMDEN,CT,6514
GIGIS EXPRESS,41.3211719,-72.8645803,933 FOXON RD,EAST HAVEN,CT,6513
TIENDA ECUATORIANA MITAD DEL MUNDO GROCERY,41.27786,-72.872627,272 MAIN ST,EAST HAVEN,CT,6512
CASA ENVIOS CARGO,41.7572148,-72.6774852,85 PARK ST,HARTFORD,CT,6106
CARGO SERVICES,41.7571667,-72.7078919,1762 PARK ST,HARTFORD,CT,6106
CASA BRASIL GROCERIES,41.7566089,-72.7097548,1863 PARK ST,HARTFORD,CT,6106
MERCADO DA CARNE & SUPERMARKET #2,41.7565555,-72.7136185,2074 PARK ST,HARTFORD,CT,6106
EXPRESSO LATINO,41.7423376,-72.6765561,293 FRANKLIN AVE,HARTFORD,CT,6114
EAGLES NEST,41.7129702,-72.7259487,4 HARTFORD AVE,NEWINGTON,CT,6111
DANIELA DELI MARKET,41.7826317,-72.5925128,1071 BURNSIDE AVE,EAST HARTFORD,CT,6108
SWADESH SUPER MARKET & HALAL MEAT,41.5693947,-72.771639,1919 N BROAD ST,MERIDEN,CT,6450
BONBONI,41.6702682,-72.9371775,170 RIVERSIDE AVE STE 3,BRISTOL,CT,6010
GONZALEZ DELI STORE,41.5452122,-72.8023177,118 COLUMBIA ST,MERIDEN,CT,6451
GUATELINDA EXPRESS TRAVEL (CT),41.0497535,-73.5484391,230 W MAIN ST,STAMFORD,CT,6902
SIN FRONTERAS SERVICES,41.0538651,-73.5244238,60 MYRTLE AVE,STAMFORD,CT,6902
TCC MULTIKARGO (W MAIN ST),41.0477457,-73.5537828,370 W MAIN ST,STAMFORD,CT,6902
TCC MULTIKARGO (E MAIN ST),41.0562807,-73.5221477,934 E MAIN ST,STAMFORD,CT,6902
BRAZIL LEGAL CT,41.0478628,-73.5555242,414 W MAIN ST STE 3,STAMFORD,CT,6902
SELLECK MARKET,41.0419386,-73.5532182,29 IRVING AVE,STAMFORD,CT,6902
RICHARD & BERNIE CARIBBEAN CUISINE & MINI MARKET,41.0705306,-73.5200925,501 GLENBROOK RD UNIT 2,STAMFORD,CT,6906
EL MERCADITO GROCERY,41.0911678,-73.4272982,33 BOUTON ST,NORWALK,CT,6854
SPEEDY GONZALEZ MULTISERVICES (I),41.104189,-73.434903,155 W CEDAR ST STE 3,NORWALK,CT,6854
SOLUMA AGENCY,41.0911855,-73.4227652,37 LEXINGTON AVE,NORWALK,CT,6854
EXPRESS INTERNATIONAL,41.5474579,-73.0383125,610 S MAIN ST,WATERBURY,CT,6706
REY DEL TACO,41.5546227,-73.0328466,449 E MAIN ST,WATERBURY,CT,6702
MERCADITO TROPICAL,41.5567224,-73.0294964,137 WALNUT ST,WATERBURY,CT,6704
FRIENDLY MARKET (CT),41.5693628,-73.0263154,1351 N MAIN ST STE 1N,WATERBURY,CT,6704
ECUASERVICES TRAVEL,41.5478183,-73.016613,43 MERIDEN RD UNIT 1,WATERBURY,CT,6705
OMNES AGENCY (CT),41.5286307,-73.0400896,2060 S MAIN ST,WATERBURY,CT,6706
CEARA MARKET,41.4918936,-73.0565075,168 MEADOW ST,NAUGATUCK,CT,6770
MERIDEN GROCERY,41.5393801,-72.81149,251 W MAIN ST APT 1,MERIDEN,CT,6451
BACALAO SUPER MARKET III,39.7360401,-75.5701384,1200 MARYLAND AVE,WILMINGTON,DE,19805
LA TAPATIA MEXICAN STORE,39.7456363,-75.57411,117 S LINCOLN ST,WILMINGTON,DE,19805
AURORAS TIENDA MEXICANA,39.7417163,-75.5824098,707A S UNION ST STE 1,WILMINGTON,DE,19805
LANCASTER MINI MARKET,39.7509696,-75.5830692,2801 LANCASTER AVE STE F,WILMINGTON,DE,19805
EL GRANJERO (WILMINGTON),39.7669575,-75.5096862,400A MARSH RD,WILMINGTON,DE,19809
BACALAO SUPER MARKET,39.7384526,-75.5921602,101 WESTERN AVE,WILMINGTON,DE,19805
TIENDA MEXICANA LA PEQUENA,39.7273061,-75.5873469,202 S MARYLAND AVE,WILMINGTON,DE,19804
JALISCO MEXICAN GROCERY STORE (RP),39.7453847,-75.6104041,1722 W GILPIN DR,WILMINGTON,DE,19805
JALISCO MEXICAN GROCERY STORE (PC),39.7453847,-75.6104041,1722 W GILPIN DR,WILMINGTON,DE,19805
LOS ALTOS DE JALISCO MEXICAN STO,39.7376578,-75.6136935,2510 KIRKWOOD HWY,WILMINGTON,DE,19805
TIENDA LATINA (DOVER) (RP-FP),39.1745302,-75.5212554,720 TOWNSEND BLVD STE C,DOVER,DE,19901
TIENDA LATINA (DOVER) (PC),39.1745302,-75.5212554,720 TOWNSEND BLVD STE C,DOVER,DE,19901
EL SUPER LATIN GROCERIES,39.125678,-75.5308316,1921 S DUPONT HWY,DOVER,DE,19901
TIAS ASIAN SPNSH GROCERY STORE,39.204006,-75.56252,3847 N DUPONT HWY STE 4,DOVER,DE,19901
TIENDA LA HERENCIA,39.2741009,-75.5900494,2119 S DUPONT BLVD,SMYRNA,DE,19977
RAMIREZ STORE (TEMPLEVILLE),39.1360727,-75.7690581,3711 BARCLAY RD,TEMPLEVILLE,MD,21670
DELEON COUNTRY STORE (MD),39.0722835,-75.7671801,114 HENDERSON RD,HENDERSON,MD,21640
MORALES STORE,39.0324595,-75.7870421,237 OLDTOWN RD,GOLDSBORO,MD,21636
TIENDA SUPER MARQUENSE H & G,38.9157721,-75.4251635,217 NE FRONT ST,MILFORD,DE,19963
EL QUETZAL TIENDA LATINA,39.2582241,-75.8372129,200 SASSAFRAS ST APT 4,MILLINGTON,MD,21651
EL MERCADITO MEXICAN GROCERY,39.6652564,-75.7258264,77 MARROWS RD,NEWARK,DE,19713
LA FAVORITA (NEWARK),39.674343,-75.703368,697 E CHESTNUT HILL RD,NEWARK,DE,19713
FRESH TO GO,39.6683251,-75.6953928,1 SALEM VILLAGE SQ,NEWARK,DE,19713
EZ DOLLAR TRANSFER,39.705802,-75.6881702,2515 KIRKWOOD HWY UNIT 1,NEWARK,DE,19711
LA PATRONA TIENDA MEXICANA,39.6184464,-75.6967526,1721 PULASKI HWY,BEAR,DE,19701
ELENAS MEXICAN STORE,39.6057136,-75.7469076,2435 PULASKI HWY,NEWARK,DE,19702
LA ESTRELLA (RP),39.7239869,-75.6569298,4536 KIRKWOOD HWY,WILMINGTON,DE,19808
LA ESTRELLA (PC),39.7239869,-75.6569298,4536 KIRKWOOD HWY,WILMINGTON,DE,19808
UN POCO DE MEXICO (MD),39.6028688,-75.8031849,801 E PULASKI HWY STE 131,ELKTON,MD,21921
MI GENTE BONITA,39.7158978,-75.6405769,2125 W NEWPORT PIKE,WILMINGTON,DE,19804
EL NEVADO MEXICAN GROCERY II (RP),39.450147,-75.716749,13 N BROAD ST # 15,MIDDLETOWN,DE,19709
LA COSTENA (MIDDLETOWN),39.4494183,-75.715914,14 E MAIN ST,MIDDLETOWN,DE,19709
FIESTA DELI AND MARKET (RP-FP),39.4581764,-75.7194409,709 N BROAD ST,MIDDLETOWN,DE,19709
FIESTA DELI AND MARKET (PC),39.4581764,-75.7194409,709 N BROAD ST,MIDDLETOWN,DE,19709
MERCADO LATINO JIREH,39.4043351,-75.8671707,102 E MAIN ST,CECILTON,MD,21913
ESPINOZA GROCERY ELKTON,39.6039562,-75.8294727,229 S BRIDGE STREET,ELKTON,MD,21921
HQ PHILIPPINES CREW SERVICES,25.7750835,-80.1897437,214 NE 1ST ST,MIAMI,FL,33132
AMERENVIO,25.7751152,-80.189806,212 NE 1ST ST,MIAMI,FL,33132
MANILA KANTINA ASIAN FOOD & GROCERY (PC2-FP),25.774399,-80.1892558,245 E FLAGLER ST,MIAMI,FL,33131
MANILA KANTINA ASIAN FOOD & GROCERY (PC1),25.774399,-80.1892558,245 E FLAGLER ST,MIAMI,FL,33131
PACIFICO CAPITAL,25.7751679,-80.1891739,256 NE 1ST ST,MIAMI,FL,33132
ENVIO CARGO EXPRESS,25.7744641,-80.1890297,255 E FLAGLER ST STE 94,MIAMI,FL,33131
SERVIXPRESS CO,25.773897,-80.188334,20 SE 3RD AVE FL 1,MIAMI,FL,33131
ANAS DOLLAR DISCOUNT,25.7663851,-80.203157,535 SW 8TH ST,MIAMI,FL,33130
ENVI LATINOS,25.7733408,-80.2071635,752 W FLAGLER ST SUITE 101,MIAMI,FL,33130
POCHO EXPRESS,25.76626,-80.209565,925 SW 8TH ST,MIAMI,FL,33130
JACKS CARIBBEAN MARKET,28.5454042,-81.3987482,1335 W WASHINGTON ST STE A2-4,ORLANDO,FL,32805
LAS TRES BANDERAS #7,28.554619,-81.3183993,5303 E COLONIAL DR STE 140,ORLANDO,FL,32807
LA CAMPINA DE ORLANDO,28.5382788,-81.3101205,425 S SEMORAN BLVD STE A,ORLANDO,FL,32807
OK MULTISERVICES FL (ORLANDO),28.5210186,-81.3110155,1884 S SEMORAN BLVD STE 500,ORLANDO,FL,32822
LA BENDICION SUPERMERCADO,28.4732687,-81.4014127,1717 W OAKRIDGE ROAD,ORLANDO,FL,32809
LAS TRES BANDERAS 3,28.4723904,-81.4111373,2374 W OAK RIDGE RD,ORLANDO,FL,32809
SILVAS MARKET,28.5172767,-81.4614995,5920 METROPOLIS WAY STE 118,ORLANDO,FL,32811
ARACELIS SHOES AND CLOTHING (II),28.4649798,-81.3846627,600 W LANCASTER RD STE A,ORLANDO,FL,32809
LA HACIENDA BAKERY AND TORTILLERIA,28.4650328,-81.390455,890 W LANCASTER RD,ORLANDO,FL,32809
ENVIOS & TAXES 2,28.4650373,-81.3912763,900 W LANCASTER RD,ORLANDO,FL,32809
LA FIESTA MEXICAN CONVENIENT STORE,27.9406831,-82.4344685,1202 S 22ND ST,TAMPA,FL,33605
LOS AMIGOS SUPERMERCADO,27.9471279,-82.432856,2223 STUART ST,TAMPA,FL,33605
TIENDA GUATEMAYA RESTAURANT,27.9744724,-82.485492,4007 FIESTA PLZ,TAMPA,FL,33607
MTS TAX SERVICES,28.0437111,-82.4509461,10403 N NEBRASKA AVE,TAMPA,FL,33612
DELI PLUS SUPERMARKET,28.0329971,-82.4066866,4820 E BUSCH BLVD,TAMPA,FL,33617
A & E LA NUMERO 1 (TAMPA),27.9980002,-82.5827171,5425 SHELDON RD,TAMPA,FL,33615
TUTI ENVIOS II (TAMPA),28.0709886,-82.4505609,13719 N NEBRASKA AVE STE 104,TAMPA,FL,33613
PORTALES LATIN AMERICAN MARKET (RP),27.840387,-82.381596,11042 S US HIGHWAY 41,GIBSONTON,FL,33534
PORTALES LATIN AMERICAN MARKET (PC),27.840387,-82.3815956,11042 S US HIGHWAY 41,GIBSONTON,FL,33534
TUTI ENVIOS,28.0804803,-82.4348581,2590 E BEARSS AVE,TAMPA,FL,33613
EL RINCONCITO SUPERMERCADO LATINO,30.2945258,-81.6074873,5535 BEACH BLVD,JACKSONVILLE,FL,32207
LA RAZA #3,30.3305746,-81.5885167,1050 ARLINGTON RD N,JACKSONVILLE,FL,32211
TIENDA MI RANCHO MEXICAN GROCERY,30.2808282,-81.6032439,4186 UNIVERSITY BLVD S,JACKSONVILLE,FL,32216
LA RAZA MEXICAN GROCERY (JACKSONVILLE),30.3140672,-81.5787076,21 ARLINGTON RD N STE 5,JACKSONVILLE,FL,32211
TIENDA LATINA MI GENTE,30.2897204,-81.5922618,6630 BEACH BLVD STE 2,JACKSONVILLE,FL,32216
CASA MAYA ENVIOS,30.2597151,-81.6256209,6059 ST AUGUSTINE RD,JACKSONVILLE,FL,32217
SUPER TIENDA LATINA Y RESTAURANTE (FL),30.2529934,-81.6167373,3935 TOLEDO RD # 1-6,JACKSONVILLE,FL,32217
TIENDA EL CASTILLO (FL),30.2992488,-81.7512482,1315 LANE AVE S STE 1,JACKSONVILLE,FL,32205
LA RAZA 2 MEXICAN GROCERY (FL),30.4290825,-81.6704481,1440 DUNN AVE STE 10,JACKSONVILLE,FL,32218
EL QUETZAL GROCERY,30.32315,-81.5359077,10198 ATLANTIC BLVD STE 5,JACKSONVILLE,FL,32225
FRIENDLY DISCOUNT BEAUTY SUPPLY,26.1376631,-80.1536157,1030 NW 9TH AVE,FORT LAUDERDALE,FL,33311
CREWMEN SERVICES OF FLORIDA (FL),26.1014366,-80.1324887,1025 SE 17TH ST,FT LAUDERDALE,FL,33316
MANILA KANTINA ASIAN FOOD & GROCERY,26.1008231,-80.1320484,1089 SE 17TH ST,FORT LAUDERDALE,FL,33316
DISPATCH SHIPPING & COURIER,26.1668919,-80.1450281,147 E OAKLAND PARK BLVD,OAKLAND PARK,FL,33334
BRISAS TRAVEL (FL),26.1048357,-80.1945403,3549 DAVIE BLVD,FORT LAUDERDALE,FL,33312
GUATEMEX GROCERY 2,26.1711377,-80.131889,3493 N DIXIE HWY,OAKLAND PARK,FL,33334
CASA HISPANA (FL),26.1048171,-80.1969414,3675 DAVIE BLVD,FORT LAUDERDALE,FL,33312
NOVEDADES DON FRANCISCO,26.173579,-80.1462928,3766 N ANDREWS AVE,OAKLAND PARK,FL,33309
LA PAISA MONEY TRANSFER,26.1047468,-80.1999615,3905 DAVIE BLVD,FORT LAUDERDALE,FL,33312
AGENTE ATLANTIDA USA (FORT LAUDERDALE),26.1047893,-80.2002067,3931 DAVIE BLVD,FORT LAUDERDALE,FL,33312
TIENDA Y CARNICERIA EL EJIDO (EAST POINT),33.669781,-84.4429428,3145 MAIN ST,EAST POINT,GA,30344
EL PROGRESO 6,33.8370785,-84.3349363,3061 BUFORD HWY NE,BROOKHAVEN,GA,30329
CARNICERIA HISPANA,33.8416866,-84.3306833,3258 BUFORD HWY NE,BROOKHAVEN,GA,30329
SANTA FE CONVENIENCE STORE,33.8412944,-84.3288448,3253 BUFORD HWY NE STE 760,BROOKHAVEN,GA,30329
RH MULTISERVICIOS,33.8438909,-84.328287,3352 BUFORD HWY NE,ATLANTA,GA,30329
A & E CHECK CASH,33.843121,-84.3248945,3365 BUFORD HWY NE STE 955,BROOKHAVEN,GA,30329
NOYOLA MULTISERVICES (5),33.8449827,-84.3272107,3390 BUFORD HWY NE STE B,BROOKHAVEN,GA,30329
NOYOLA MULTI SERVICES 3,33.8458747,-84.326286,3444 BUFORD HIGHWAY,BROOKHAVEN,GA,30329
LA FUENTE MUSICAL,33.6363162,-84.3599612,4325 JONESBORO RD STE C,FOREST PARK,GA,30297
LA CASITA 2,33.7830535,-84.5374131,7017 MABLETON PKWY SE,MABLETON,GA,30126
SLP MEXICAN GRILL (PC2-FP),33.4931207,-81.9515874,10254 ATOMIC RD,NORTH AUGUSTA,SC,29841
SLP MEXICAN GRILL (RP),33.4931207,-81.9515874,10254 ATOMIC RD,NORTH AUGUSTA,SC,29841
SLP MEXICAN GRILL (PC1),33.4931207,-81.9515874,10254 ATOMIC RD,NORTH AUGUSTA,SC,29841
TIENDA LA MARIPOSA,33.4386725,-82.0212719,1650 GORDON HWY STE A,AUGUSTA,GA,30906
MI LINDO GUANAJUATO TIENDA MEXICANA,33.4267193,-82.0525063,3097 DEANS BRIDGE RD,AUGUSTA,GA,30906
SUPER MERCADO SAN JOSE,33.5177232,-82.0593986,229 FURYS FERRY RD STE 109,AUGUSTA,GA,30907
LA GUADALAJARA,33.4701332,-82.0872156,1327 AUGUSTA WEST PKWY STE 30,AUGUSTA,GA,30909
LA QUERETANA,33.516705,-81.847548,2868 AUGUSTA RD BLDG 4-5,WARRENVILLE,SC,29851
LA ESCONDIDA (SC) (RP),33.5752959,-81.8473026,168 RAINBOW FALLS RD,GRANITEVILLE,SC,29829
LA ESCONDIDA (SC) (PC),33.5752959,-81.8473026,168 RAINBOW FALLS RD,GRANITEVILLE,SC,29829
NUEVA ESPERANZA 2,32.4425718,-85.0195339,1810 3RD ST S STE D,PHENIX CITY,AL,36869
BAKERY EL PANES,32.4320784,-84.953008,3473 N LUMPKIN RD STE E,COLUMBUS,GA,31903
SUPER MERCADO LAS AMERICAS,32.5030912,-84.9734844,4101 HAMILTON RD,COLUMBUS,GA,31904
SUPER TIENDA LATINA (COLUMBUS),32.5049137,-84.9745616,1134 43RD ST,COLUMBUS,GA,31904
TIENDA LA NUEVA ESPERANZA #3,32.5098433,-84.9690161,4724 HAMILTON RD STE B,COLUMBUS,GA,31904
EMILIANOS TAQUERIA,32.5129498,-84.9707023,5001 14TH AVE,COLUMBUS,GA,31904
BRITOS MARKET,32.4165215,-84.9520386,2025 S LUMPKIN RD,COLUMBUS,GA,31903
SERVANT STATION,32.5664241,-85.1315365,15605 US HIGHWAY 280 E,SMITHS STATION,AL,36877
TIENDA PERLA DE XELA,32.654264,-85.3753626,215 2ND AVE,OPELIKA,AL,36801
TIENDA LA CHAPINA (AL),32.641093,-85.3933934,1534 2ND AVE STE 3,OPELIKA,AL,36801
LA PLACITA GROCERY STORE,32.0651504,-81.0582537,2012 CAPITAL ST,SAVANNAH,GA,31404
LA FAVORITA LATIN GROCERY,32.0785758,-81.1951241,1550 DEAN FOREST RD STE H,GARDEN CITY,GA,31408
PANADERIA LA CANASTA,31.9914724,-81.0964304,1545 E MONTGOMERY CROSS RD,SAVANNAH,GA,31406
LOS HERMANOS MEXICAN STORE,32.1101635,-81.2316148,1014 US HIGHWAY 80 E STE 800,POOLER,GA,31322
ETHNICITY FOOD MART,32.2135288,-81.1986208,6 MAGNOLIA BLVD STE C,PORT WENTWORTH,GA,31407
SEBASTIAN WIRELESS (SC),32.278607,-81.0814422,18822 WHYTE HARDEE BLVD STE 101,HARDEEVILLE,SC,29927
SUPERMERCADO LA MEXICANA,32.2656141,-80.8636341,21 SIMMONSVILLE RD,BLUFFTON,SC,29910
ETHNICITY FOOD IMPORTS,32.2714348,-80.8669666,22 PLANTATION PARK DR STE 105B,BLUFFTON,SC,29910
EL SUPER INTERNACIONAL,32.2646945,-80.8588383,33 SHERINGTON DR,BLUFFTON,SC,29910
SEBASTIAN MULTISERVICES,32.2445964,-80.8288643,1308 FORDING ISLAND RD STE A1,BLUFFTON,SC,29910
DYANAS GIFTS AND DECORATIONS (GA),33.9766918,-83.3653,401 NORTH AVE STE 4,ATHENS,GA,30601
GOVEA TAX SERVICES,34.11764,-83.5739182,20 LEE ST STE 10,JEFFERSON,GA,30549
GOVEA TAX SERVICES (PENDERGRASS),34.1518119,-83.6570196,5641 US HIGHWAY 129 N STE 23,PENDERGRASS,GA,30567
LUCERO GROCERY STORE,34.2904905,-83.1188647,535 JORDAN ST,ROYSTON,GA,30662
LUPITAS MEXICAN MONEY TRANSFERS,33.5758097,-83.1784029,308 E BROAD ST,GREENSBORO,GA,30642
THE POINT MARKET,33.6146908,-83.0750193,612 SIBLEY AVE,UNION POINT,GA,30669
LA SUPERIOR ENTERPRISES,34.2665767,-83.7437439,2975 GILLSVILLE HWY,GAINESVILLE,GA,30507
SUPER LAVANDERIA,33.8404947,-83.902676,144 C S FLOYD RD,LOGANVILLE,GA,30052
2121 LA SUPERIOR ENTERPRISES,34.2810877,-83.784879,2121 ATHENS HWY,GAINESVILLE,GA,30507
CHEVRON (PC),33.8568134,-83.9429386,3334 LANGLEY RD,LOGANVILLE,GA,30052
JGQUIBUYEN (HONOLULU 2) (PC2-FP),21.322199,-157.8737218,1199 DILLINGHAM BLVD UNIT C-1,HONOLULU,HI,96817
JGQUIBUYEN (HONOLULU 2) (PC1),21.322199,-157.8737218,1199 DILLINGHAM BLVD UNIT C-1,HONOLULU,HI,96817
JGQUIBUYEN (HONOLULU),21.3339058,-157.8804983,2153 N KING ST STE 105,HONOLULU,HI,96819
JGQUIBUYEN (WAIPAHU),21.3848014,-158.0024086,94-866 MOLOALO ST UNIT 34-C,WAIPAHU,HI,96797
JGQUIBUYEN (KEAAU),19.6212626,-155.0399933,16-577 OLD VOLCANO RD,KEAAU,HI,96749
GALLEGOS MEAT MARKET,43.675546,-116.912466,109 5TH ST,WILDER,ID,83676
BOSS WIRELESS,43.6180366,-116.9275169,337 E IDAHO AVE,HOMEDALE,ID,83628
REGALOS VERONICA,42.9417437,-112.838506,231 S MAIN ST,ABERDEEN,ID,83210
BLUZY AUDIO,42.7843906,-112.8538089,223 IDAHO ST,AMERICAN FALLS,ID,83211
3NS ORIENTAL,41.8671631,-87.6624644,1422 W ROOSEVELT RD,BROADVIEW,IL,60155
FAMEX ENVIOS INC,41.8564539,-87.6626766,1860 S BLUE ISLAND AVE STE 1,CHICAGO,IL,60608
MUNDO LATINO 2,41.8961286,-87.6714209,1742 W CHICAGO AVE,CHICAGO,IL,60622
ENVIOS LATINOS (CERMAK),41.852364,-87.6786755,2108 W CERMAK RD,CHICAGO,IL,60608
LA RED DE LA GENTE INC,41.8517575,-87.6980991,2869 W CERMAK RD,CHICAGO,IL,60623
J-TECHELECTRONICS,41.8187243,-87.6677389,4100 S ASHLAND AVE FL 1 STE 207,CHICAGO,IL,60609
RED LATINA TRANSFER INC (9),41.8442726,-87.7067974,3245 W 26TH ST,CHICAGO,IL,60623
UNIENDO AMERICA LA VILLITA (W 26TH ST),41.8445779,-87.7126973,3506 W 26TH ST,CHICAGO,IL,60623
RED LATINA TRANSFER INC (1),41.8445722,-87.7140173,3542 W 26TH ST FL 1,CHICAGO,IL,60623
SUPERMERCADO LA RAZA,41.8083548,-87.6667093,1645 W 47TH ST STE 1,CHICAGO,IL,60609
MARIA BELEN INC,39.8763276,-88.9495917,2940 N MARTIN LUTHER KING JR DR,DECATUR,IL,62526
ISAS MULTISERVICES,42.2521792,-89.077916,1225 BROADWAY,ROCKFORD,IL,61104
ISAS MULTISERVICES (IL),42.2536188,-89.0332323,4225 CHARLES ST,ROCKFORD,IL,61108
GRUPO CASA ZEPEDA INC,42.272912,-88.863663,2026 N STATE ST STE H,BELVIDERE,IL,61008
SERVICIOS GUERRERO LLC,42.260894,-88.8443975,211 N STATE ST,BELVIDERE,IL,61008
LESLIES PREMIER SERVICES INC.,42.255546,-88.839034,518 S. STATE ST,BELVIDERE,IL,61008
ELLAS UNIVERSAL,42.4964202,-89.0461634,549 SHIRLAND AVE,BELOIT,WI,53511
PIGGLY WIGGLY SUPERMARKET,42.5244035,-89.0100907,1827 PRAIRIE AVE,BELOIT,WI,53511
ST MARYS MULTISERVICES,42.4143299,-88.6239279,708 W BRINK ST,HARVARD,IL,60033
HARVARD ENVIOS DE DINERO,42.4197922,-88.6162882,14 N AYER ST,HARVARD,IL,60033
HARVARD MULTISERVICES INC (IL),42.420811,-88.615403,40 N AYER ST STE 1,HARVARD,IL,60033
MELISSA MELESIA USPANGO,41.7527737,-88.3140791,151 S LINCOLN AVE,AURORA,IL,60505
CELLULAR ONE OF AURORA,41.75988,-88.31951,228 W GALENA BLVD STE 104,AURORA,IL,60506
RED LATINA CORP (5),41.7547111,-88.3070352,5 N ROOT ST SUITE 101,AURORA,IL,60505
CASA BLANCA SUPERMERCADO INC,41.7587668,-88.2973885,770 CLAIM ST,AURORA,IL,60505
RED LATINA CORP (7),41.7774693,-88.3074799,971 AURORA AVE STE B,AURORA,IL,60505
ENVIOS FENIX,41.7377893,-88.3037923,652 ASHLAND AVE,AURORA,IL,60505
LA HERRADURA INC,41.7369977,-88.3035415,651 ASHLAND AVE STE D,AURORA,IL,60505
FUTURE MOBILE SERVICES INC,41.7550154,-88.2855359,1219 E NEW YORK ST STE 113,AURORA,IL,60505
LA VILLA (IL),41.7717944,-88.3382925,736 FORAN LN,AURORA,IL,60506
HISPANA ENVIOS INC,41.7603082,-88.2819819,268 N FARNSWORTH AVE STE 100,AURORA,IL,60505
INTERCALL SERVICES,39.76508,-86.2047113,2615 W WASHINGTON ST,INDIANAPOLIS,IN,46222
SUPERMARKET LATINO,39.825107,-86.075485,5435 E 38TH ST,INDIANAPOLIS,IN,46218
MI CARNICERIA FAVORITA,39.749481,-86.2686295,1223 S HIGH SCHOOL RD,INDIANAPOLIS,IN,46241
LOS DOS HERMANOS,39.8164827,-86.2541896,5427 W 34TH ST,INDIANAPOLIS,IN,46224
AM TIENDA Y TAQUERIA EL CANARIO,39.8218288,-86.2712226,6340 W 37TH ST,INDIANAPOLIS,IN,46224
FIRST CLASS FOOD SERVICES,39.8218137,-86.2719899,6360 W 37TH ST,INDIANAPOLIS,IN,46224
KINDA BEAUTY SALON,39.778027,-86.291431,7441 W 10TH ST,INDIANAPOLIS,IN,46214
RO-Z LASHES & MULTY SERVICES,39.827012,-86.269394,3945 N HIGH SCHOOL RD,INDIANAPOLIS,IN,46254
EL REY INTERNATIONAL MARKET,39.8539386,-86.2425497,5624 GEORGETOWN RD,INDIANAPOLIS,IN,46254
JAM SERVICIOUS (IN),39.7977011,-86.0238517,8130 E 21ST ST,INDIANAPOLIS,IN,46219
EL RANCHO SUPERMARKET,41.038126,-85.137165,4924 S CALHOUN ST,FORT WAYNE,IN,46807
TIENDA MEXICANA LA KATTY,40.7396904,-85.1729577,202 W MARKET ST,BLUFFTON,IN,46714
LUPITAS MEXICAN STORE,41.29263,-84.762753,107 E HIGH ST,HICKSVILLE,OH,43526
FIESTA PLUS (WARSAW),41.235187,-85.84021,1106 E WINONA AVE STE A,WARSAW,IN,46580
AHI CHIHUAHUA,41.6345317,-85.0006854,205 W MAUMEE ST,ANGOLA,IN,46703
LA MEXICANA INTERNATIONAL MARKET,37.955759,-87.5602399,324 E RIVERSIDE DR,EVANSVILLE,IN,47713
COVERT MART,37.9549602,-87.5429004,1201 COVERT AVE,EVANSVILLE,IN,47714
LAS AMERICAS STORE & RESTAURANT,37.9619919,-87.5287283,1016 S WEINBACH AVE,EVANSVILLE,IN,47714
EL SABROSO LLC (RP),37.9554652,-87.5128159,3012 COVERT AVE STE C,EVANSVILLE,IN,47714
EL SABROSO LLC (PC),37.9554652,-87.5128159,3012 COVERT AVE STE C,EVANSVILLE,IN,47714
LA PREFERIDA (IN),37.9652193,-87.4932258,819 S GREEN RIVER RD,EVANSVILLE,IN,47715
EL PAISANO (IN),37.9735862,-87.4931057,225 S GREEN RIVER RD,EVANSVILLE,IN,47715
TIENDA MEXICANA LORENA (RP),37.824097,-87.6031508,1229 S GREEN ST,HENDERSON,KY,42420
TIENDA MEXICANA LORENA (PC),37.824097,-87.6031508,1229 S GREEN ST,HENDERSON,KY,42420
TIENDA MEXICANA LA HUASTECA,38.3551255,-87.57992,1105 W BROADWAY ST,PRINCETON,IN,47670
TIENDA SANTA CRUZ,41.6711358,-86.2709401,429 S WALNUT ST,SOUTH BEND,IN,46619
ABARROTES YULIANA (RP),41.6572339,-86.2711959,1601 S WALNUT ST,SOUTH BEND,IN,46613
ABARROTES YULIANA (PC),41.6572287,-86.2712143,1601 S WALNUT ST,SOUTH BEND,IN,46613
DISCOTECA LUZESTELA,41.6682608,-86.2891109,701 S BENDIX DR,SOUTH BEND,IN,46619
XPRESS MULTI SERVICES (IN),41.6716178,-86.3006278,3718 W WESTERN AVE STE B,SOUTH BEND,IN,46619
JOSHUA FINANCIAL SERVICES,41.6691872,-85.9569782,1811 S MAIN ST,ELKHART,IN,46516
EL SUPER GROCERY STORE,41.4468218,-86.1617569,1223 W PLYMOUTH ST FRNT,BREMEN,IN,46506
LA SANMARQUENA,41.58673,-85.832635,205 E LINCOLN AVE,GOSHEN,IN,46528
PROTEL WIRELESS,39.9074983,-86.0580983,6396 E 82ND ST,INDIANAPOLIS,IN,46250
ALIS UNO,39.8885465,-86.045606,7387 N SHADELAND AVE,INDIANAPOLIS,IN,46250
EL REY CARNICERIA,39.8866832,-86.2084117,2720 W 71ST ST,INDIANAPOLIS,IN,46268
DE-GIE,39.8615425,-86.2424741,4857 OAKBROOK DR,INDIANAPOLIS,IN,46254
SUPERMERCADO LA FRONTERA,39.8467903,-86.0098652,5101 N POST RD,INDIANAPOLIS,IN,46226
RIOS SUPERMARKET,39.8410266,-86.0097256,4601 N POST RD,INDIANAPOLIS,IN,46226
LYNDON & CARLINE PIYAY MARKET,39.8254321,-86.0126357,8939 E 38TH ST,INDIANAPOLIS,IN,46226
L & C PIYAY MARKET TAKE OUT AND BAKERY,39.8267936,-85.9900756,10030 E 38TH ST,INDIANAPOLIS,IN,46235
LA TAPATIA (DES MOINES),41.5956853,-93.5963779,1440 DES MOINES ST,DES MOINES,IA,50316
TIENDA LA CHAPINA (IA),41.6296794,-93.625127,3800 6TH AVE,DES MOINES,IA,50313
OASIS GROCERY STORE (IA),41.8371527,-94.1049566,921 RAILROAD ST,PERRY,IA,50220
LA MEXICANA GROCERY STORE & TAQUERIA,41.6776377,-91.5860593,1701 2ND ST STE 4,CORALVILLE,IA,52241
ACAPULCO MEXICAN BAKERY 2,41.6410568,-91.5254772,1937 KEOKUK ST,IOWA CITY,IA,52240
ACAPULCO MEXICAN BAKERY,41.5704938,-91.2637002,311 N CALHOUN ST,WEST LIBERTY,IA,52776
NEW YORK DOLLAR STORE (PC),41.5706954,-91.2630987,320 N CALHOUN ST,WEST LIBERTY,IA,52776
LA IMPERIAL,41.5055526,-90.5360544,134 4TH AVE,MOLINE,IL,61265
EL MEXICANO (MOLINE),41.5063491,-90.5303979,448 RAILROAD AVE,MOLINE,IL,61265
FAABU,41.4918391,-90.4938979,3106 AVENUE OF THE CITIES,MOLINE,IL,61265
LA CONCEPCION CARNICERIA Y TAQUERIA INCORPORATED,41.24941,-89.927456,304 W 6TH ST,KEWANEE,IL,61443
VAQUERO IMPORTS,42.5032976,-96.4044397,1204 PIERCE ST,SIOUX CITY,IA,51105
MAYA MARKET (SIOUX CITY),42.5007972,-96.4145161,512 W 7TH ST,SIOUX CITY,IA,51103
TIENDA MEXICANA GUERRERO (WAKEFIELD),42.2696151,-96.8652038,218 MAIN ST,WAKEFIELD,NE,68784
LA HISPANA GROCERY,42.9959356,-96.4855673,907 CENTRAL AVE,HAWARDEN,IA,51023
LA TIENDA DEL AHORRO (KS),37.7151265,-97.3354299,1770 N BROADWAY AVE,WICHITA,KS,67214
MI TIENDA DEL AHORRO,37.6353973,-97.3001615,3100 E 31ST ST S,WICHITA,KS,67216
MINISUPER AGUASCALIENTES (WICHITA) (RP),37.6050669,-97.296016,3363 E 47TH ST S,WICHITA,KS,67216
MINISUPER AGUASCALIENTES (WICHITA) (PC),37.6050669,-97.296016,3363 E 47TH ST S,WICHITA,KS,67216
CARNICERIA LUPITA,38.9717267,-94.7026577,9954 W 87TH ST,OVERLAND PARK,KS,66212
KENAS SUPERMARKET,38.9871134,-94.6697764,7815 MARTY ST STE 2,OVERLAND PARK,KS,66204
MI MEXICANA,38.9847825,-94.7041323,7941 FRONTAGE RD,OVERLAND PARK,KS,66204
MEXICANITA,38.9905468,-94.6683675,7620 METCALF AVE STE C,OVERLAND PARK,KS,66204
LA NUEVA AZTECA,38.9933125,-94.7164565,11226 W 75TH ST,SHAWNEE,KS,66214
EL RINCON LATINO KS,38.9871604,-94.7226164,7777 QUIVIRA RD,LENEXA,KS,66216
MULTISERVICIOS CENTROAMERICANO,38.9709793,-94.7273281,12239 W 87TH STREET PKWY,LENEXA,KS,66215
EL FOGON MARKET (KS),38.9388653,-94.6696069,10452 METCALF AVE,OVERLAND PARK,KS,66212
MI TIENDITA (KS),39.0079435,-94.7149131,6644 NIEMAN RD,SHAWNEE,KS,66203
LA BONITA STORE,38.8851984,-94.7810928,2022 E SANTA FE ST,OLATHE,KS,66062
WORLD TRANSFER,39.1153876,-94.6469033,1521 MINNESOTA AVE,KANSAS CITY,KS,66102
EL POBLANO MINI MARKET II,39.0840494,-94.6354708,1003 OSAGE AVE,KANSAS CITY,KS,66105
ALMA LATINOAMERICANA,39.1181204,-94.6718184,3724 STATE AVE,KANSAS CITY,KS,66102
EL NOPAL,39.1280427,-94.688943,4743 PARALLEL PKWY,KANSAS CITY,KS,66104
DON PRIME MULTISERVICIOS (MO),39.1062047,-94.540646,3430 INDEPENDENCE AVE,KANSAS CITY,MO,64124
NESSABEL WESTERN BOOTS,39.0935495,-94.5068506,6417 E TRUMAN RD,KANSAS CITY,MO,64126
PANADERIA MONTERREY (TOPEKA),39.0445062,-95.6363582,3154 SE 6TH AVE,TOPEKA,KS,66607
LA ESTRELLA LATINA (RP),38.9392455,-95.2615719,2449 IOWA ST STE D,LAWRENCE,KS,66046
LA ESTRELLA LATINA (PC),38.9419557,-95.2583592,2323 RIDGE CT,LAWRENCE,KS,66046
CASA AZTECA MARKET,38.9407078,-95.2436113,711 W 23RD ST STE 17,LAWRENCE,KS,66046
PATTYS BOUTIQUE (OLATHE),38.8839183,-94.8067442,600 E SANTA FE ST STE A,OLATHE,KS,66061
LA ESTRELLA (KS),38.8677973,-94.8323611,922 E OLD HIGHWAY 56,OLATHE,KS,66061
JOELYS BAR & GRILL,38.2600752,-85.7077178,1999 BROWNSBORO RD,LOUISVILLE,KY,40206
TIENDA Y CARNICERIA EL MAGUEY,38.3037927,-85.7658235,1013 EASTERN BLVD,CLARKSVILLE,IN,47129
TIENDA Y CARNICERIA LOS COMPADRES (IN),38.3046248,-85.7815411,616 PROVIDENCE WAY,CLARKSVILLE,IN,47129
EL GUANAJUATO GROCERY STORE,38.3001625,-85.7232854,1710 E 10TH ST,JEFFERSONVILLE,IN,47130
LA PINATA GROCERY,38.1969055,-85.7655115,4028 S 3RD ST STE 1,LOUISVILLE,KY,40214
LA DESPENSA SUPERMERCADO,38.3190538,-85.7785335,1888 BLACKISTON MILL RD,CLARKSVILLE,IN,47129
TIENDA EL QUETZAL (KY),38.1766019,-85.7152143,4906 PRESTON HWY,LOUISVILLE,KY,40213
EL TESORO PANADERIA Y TIENDA MEXICANA,38.1734527,-85.8237976,4749 DIXIE HWY STE A,LOUISVILLE,KY,40216
TIENDA LATINOAMERICANA #4,38.1578384,-85.7638702,403 ROBERTS AVE,LOUISVILLE,KY,40214
LAS AMERICAS MEXICAN STORE,38.2101054,-85.6393022,3719 KLONDIKE LN,LOUISVILLE,KY,40218
LOS HERMANOS MARKET (KY),38.0720243,-84.4764279,1511 RUSSELL CAVE RD,LEXINGTON,KY,40505
SUPER MERCADO AGUASCALIENTES (PC),38.0724685,-84.4775552,459 W NEW CIRCLE RD,LEXINGTON,KY,40511
SUPER MERCADO AGUASCALIENTES (RP),38.0724685,-84.4775552,459 W NEW CIRCLE RD,LEXINGTON,KY,40511
DOLLAR EXPRESS (II),38.0716891,-84.4759199,1505 RUSSELL CAVE RD,LEXINGTON,KY,40505
SUPERMERCADO AGUASCALIENTES (II) (RP),38.0157276,-84.5251868,306 SOUTHLAND DR,LEXINGTON,KY,40503
SUPERMERCADO AGUASCALIENTES (II) (PC),38.0157276,-84.5251868,306 SOUTHLAND DR,LEXINGTON,KY,40503
LA PRINCESA SUPER MERCADO,38.0484748,-84.548532,1430 VILLAGE DR,LEXINGTON,KY,40504
SUPER MERCADO AGUASCALIENTES V,38.0070207,-84.5164023,2220 NICHOLASVILLE RD,LEXINGTON,KY,40503
SUPER MERCADO AGUASCALIENTES #1,38.0480642,-84.5516203,1424 ALEXANDRIA DR,LEXINGTON,KY,40504
DOLLAR EXPRESS (I),38.0489495,-84.5519893,1388 ALEXANDRIA DR STE 10,LEXINGTON,KY,40504
TAQUERIA SINAI,36.995501,-86.449865,1143 CLAY ST,BOWLING GREEN,KY,42101
LA DEL SOL,36.9825189,-86.4413797,1249 US 31W BYP STE 100,BOWLING GREEN,KY,42101
LOS CAMARADAS,36.999383,-86.4469298,212 W MAIN AVE,BOWLING GREEN,KY,42101
MULTI SERVICIOS LA PLACITA,36.9898716,-86.4716923,830 OLD MORGANTOWN RD,BOWLING GREEN,KY,42101
MERCADITO 5 ESTRELLAS,36.9713941,-86.4757235,224 EMMETT AVE STE 100,BOWLING GREEN,KY,42101
EL QUETZAL TIENDA HISPANA (MORGANTOWN),37.2261208,-86.6847667,111 N TYLER ST,MORGANTOWN,KY,42261
TIENDA HISPANA GUATEMALTECO,37.2270756,-86.6858081,220 W GL SMITH ST,MORGANTOWN,KY,42261
ORTIZ MEXICANO GROCERY,36.8459982,-86.8925269,471 W 2ND ST,RUSSELLVILLE,KY,42276
LA AZTECA MARKET,36.5772527,-86.5092672,109 HIGHWAY 52 E STE C,PORTLAND,TN,37148
CLUB TEQUILA TIENDA Y TAQUERIA (PC),37.0027953,-85.9172177,409 SAMSON ST,GLASGOW,KY,42141
EL MERCADITO (OWENSBORO),37.7609239,-87.134243,1413 BOSLEY RD,OWENSBORO,KY,42301
LA VERACRUZANA (OWENSBORO),37.7538399,-87.101279,2229 NEW HARTFORD RD,OWENSBORO,KY,42303
EL QUETZAL TIENDA HISPANA,37.7267469,-87.1216736,710B SALEM DR,OWENSBORO,KY,42303
TIENDA MAYA TIKAL,39.0816929,-84.5093765,818 MADISON AVE,COVINGTON,KY,41011
USAMEX,39.0802601,-84.5177336,837 MAIN ST,COVINGTON,KY,41011
NOVEDADES ZURY (COVINGTON) (PC),39.0741439,-84.5075173,1432 MADISON AVE,COVINGTON,KY,41011
MAURICIO GROCERY 2,39.0711786,-84.5019899,1702 GARRARD STREET,COVINGTON,KY,41014
LA PLACITA TIENDA LATINA,39.0861896,-84.4909476,948 YORK ST,NEWPORT,KY,41071
TIENDA LA SAMARITANA,39.0675539,-84.5027899,1932 GREENUP ST,COVINGTON,KY,41011
SUPERMERCADO MAYA TIKAL #2,39.0599098,-84.5410985,1840 ASHWOOD CIR,FT WRIGHT,KY,41011
TIENDA MARQUENSE (CINCINNATI),39.1098473,-84.5664821,3415 WARSAW AVE,CINCINNATI,OH,45205
TIENDA EL JARDIN DE LAS DELICIAS,39.1104488,-84.5669202,3430 WARSAW AVE,CINCINNATI,OH,45205
EL DIAMANTE GROCERIES,39.1103263,-84.5725851,979 ENRIGHT AVE STE A,CINCINNATI,OH,45205
GENTILLY MARKET,29.9810091,-90.0777188,1629 GENTILLY BLVD,NEW ORLEANS,LA,70119
DANNY FOOD STORE GROCERY,29.9788073,-90.0572137,2101 ELYSIAN FIELD AVE,NEW ORLEANS,LA,70117
CENTRO AMERICAN SUPERMARKET,30.0009984,-90.1331056,536 OAKLAWN DR STE A,METAIRIE,LA,70005
LATINO EXPRESS (GRETNA),29.9161806,-90.0459545,60 WESTBANK EXPY STE D,GRETNA,LA,70053
A MULTISERVICE (TERRYTOWN),29.9199739,-90.0327625,91 HOLMES BLVD STE B,TERRYTOWN,LA,70056
JR MONEY SERVICE CORP 2,29.9116572,-90.0410429,1700 STUMPF BLVD,GRETNA,LA,70056
AMIGO MARKET (TERRYTOWN) (RP),29.9123675,-90.0359165,400 WRIGHT AVE STE 418,TERRYTOWN,LA,70056
AMIGO MARKET (TERRYTOWN) (PC),29.9123675,-90.0359165,400 WRIGHT AVE STE 418,TERRYTOWN,LA,70056
CHILITOS MARKET,29.9112635,-90.035652,1801 STUMPF BLVD STE 4,GRETNA,LA,70056
ENVIOS EXPRESS & MAS TIENDA LATINA 2,29.9635627,-90.164349,3731 JEFFERSON HWY,JEFFERSON,LA,70121
LOS LATINOS AMIGOS RESTAURANT,30.4521477,-91.118756,6989 FLORIDA BLVD,BATON ROUGE,LA,70806
ABARROTES ACUEDUCTO,30.4837319,-91.117181,7171 AIRLINE HWY STE 5,BATON ROUGE,LA,70805
VALDEZ MARKET,30.4579688,-91.0125555,15356 OLD HAMMOND HWY STE A,BATON ROUGE,LA,70816
MEXICAN RESTAURANT (LA) - PC1,30.2900476,-91.2353101,23466 EDEN ST,PLAQUEMINE,LA,70764
MEXICAN RESTAURANT (LA) - (PC2-FP),30.2900476,-91.2353101,23466 EDEN ST,PLAQUEMINE,LA,70764
TIENDA Y TAQUERIA LA FRONTERA #2,30.4645212,-90.9715005,2152 FLORIDA AVE SW,DENHAM SPRINGS,LA,70726
TIENDA LA BENDICION (LA),30.5193866,-90.9561377,31126 LA HIGHWAY 16 STE A,DENHAM SPRINGS,LA,70726
ENVIOS JALISCO,30.4483374,-90.8635098,26215 WALKER SOUTH RD STE C,DENHAM SPRINGS,LA,70726
SIBLEYS GROCERY,30.4350694,-90.8584658,25276 WALKER SOUTH RD,DENHAM SPRINGS,LA,70726
LA COCINA DE MARIA,30.6915631,-91.4690372,1160 HOSPITAL RD STE 96,NEW ROADS,LA,70760
VARIEDADES SANDRA (LA),32.5289534,-93.7174307,2307 E TEXAS ST STE 500,BOSSIER CITY,LA,71111
LA YUCATECA II (LA),32.5291529,-93.7159703,2565 E TEXAS ST STE 4,BOSSIER CITY,LA,71111
LA YUCATECA (LA),32.4590787,-93.7223818,4434 YOUREE DR,SHREVEPORT,LA,71105
LA ESPERANZA MEXICAN STORE,32.5550909,-93.618097,756 HIGHWAY 80,HAUGHTON,LA,71037
EL PAISANO SUPERMARKET (MARSHALL) (RP),32.5488986,-94.3479523,2001 W GRAND AVE,MARSHALL,TX,75670
EL PAISANO SUPERMARKET (MARSHALL) (PC),32.5488986,-94.3479523,2001 W GRAND AVE,MARSHALL,TX,75670
FRUTERIA PERLITA (MARSHALL),32.5487839,-94.376227,901 W GRAND AVE,MARSHALL,TX,75670
CARNICERIA EL RANCHITO (LA),30.2319355,-92.0445892,2405 CAMERON ST,LAFAYETTE,LA,70506
VICTORIA MINI MART OF LAFAYETTE,30.197705,-92.057412,107 MIMOSA PL,LAFAYETTE,LA,70506
EL PASO EXPRESS,30.2120578,-92.0873975,1514 WESTGATE RD,LAFAYETTE,LA,70506
TIENDA GUATEMALA LOS PRIMOS,30.2795445,-91.914187,240 W MILLS AVE STE 102,BREAUX BRIDGE,LA,70517
MARKET MENDOZA,30.4044706,-92.2158847,150 S MAIN ST,CHURCH POINT,LA,70525
LAS PALMAS EXPRESS (RP),29.989772,-91.8339859,1509 CENTER ST,NEW IBERIA,LA,70560
LAS PALMAS EXPRESS (PC),29.989772,-91.8339859,1509 CENTER ST,NEW IBERIA,LA,70560
LA GUANAJUATO MEXICAN STORE,30.4946806,-92.4506414,1446 US HIGHWAY 190,EUNICE,LA,70535
LA TIENDA (LA),30.2224013,-92.6572865,505 ALLISON ST STE 1,JENNINGS,LA,70546
SABOR LATINO SUPERMERCADO,30.2237082,-93.1957986,1001 3RD AVE,LAKE CHARLES,LA,70601
LA NICA MINI MARKET,30.1986013,-93.2051924,1105 E PRIEN LAKE RD STE B,LAKE CHARLES,LA,70601
EL GALLO LATIN MARKET (LA),30.1985419,-93.2009675,1413 E PRIEN LAKE RD,LAKE CHARLES,LA,70601
PINOY ASIAN MARKET (LA),30.2656755,-93.1814087,2203 N MARTIN LUTHER KING HWY,LAKE CHARLES,LA,70615
EL PAISANO SERVICES,30.1913353,-93.1817708,3620 GERSTNER MEMORIAL BLVD STE A,LAKE CHARLES,LA,70607
SUPER ENVIOS,30.1079775,-93.7752771,1918 STRICKLAND DR STE A,ORANGE,TX,77630
LA TIENDA LATINA LATIN MARKET,43.6427283,-70.328829,443 WESTERN AVE UNIT 413,SOUTH PORTLAND,ME,4106
CINCO DE MAYO DOS,39.2855745,-76.5986442,1312 EASTERN AVENUE,BALTIMORE,MD,21231
SUPER VARIEDADES PORTILLO - PC,39.289099,-76.593293,203 S BROADWAY,BALTIMORE,MD,21231
LA CABANITA MARKET,39.2858376,-76.5902367,1836 EASTERN AVE,BALTIMORE,MD,21231
EAGLE LATIN MARKET,39.3133748,-76.6163572,2101 N CHARLES ST STE 1,BALTIMORE,MD,21218
BROTHERS CARRYOUT GROCERY,39.2958242,-76.5724553,3200 PULASKI HWY FL 1,BALTIMORE,MD,21224
DESPENSA FAMILIAR (BALTIMORE),39.2925981,-76.5710497,3248 E BALTIMORE ST,BALTIMORE,MD,21224
SUPER FOOD GROCERY,39.2912164,-76.5695968,100 S HIGHLAND AVE,BALTIMORE,MD,21224
LATINO AND AMERICAN MINI MARKET,39.291981,-76.569096,19 S HIGHLAND AVE,BALTIMORE,MD,21224
TOPS IN CELLULARS (BALTIMORE),39.2868692,-76.5689051,419 S HIGHLAND AVE,BALTIMORE,MD,21224
CINCO DE MAYO IV,39.2869844,-76.5687264,417 S HIGHLAND AVE,BALTIMORE,MD,21224
MULTI ENVIOS (COLUMBIA),39.2103739,-76.8448882,5865 ROBERT OLIVER PL STE 2,COLUMBIA,MD,21045
VARIEDADES MAGANAS (COLUMBIA),39.2067451,-76.8158254,8775 CLOUDLEAP CT STE 5,COLUMBIA,MD,21045
DD LAYE TAILORING AND ALTERATIONS,39.1469421,-76.808887,8610 WASHINGTON BLVD STE 110,JESSUP,MD,20794
DIANA S GROCERY Y PARTY SUPPLIES,39.0971246,-76.8476157,15101 BALTIMORE AVENUE UNIT 106,LAUREL,MD,20707
CONTINENTAL EXPRESS (LAUREL),39.0968535,-76.8481093,131 BOWIE RD,LAUREL,MD,20707
ONE STOP WHOLESALE AND RETAIL MARKET,39.0994358,-76.8221127,3537 LAUREL FORT MEADE RD,LAUREL,MD,20724
KK MART,39.100188,-76.818709,3497 LAUREL FORT MEADE RD,LAUREL,MD,20724
VENTURA LATIN MARKET,39.2838535,-76.8070818,8525 BALTIMORE NATIONAL PIKE UNIT A,ELLICOTT CITY,MD,21043
SHAMAAH MULTI SERVICES (LAUREL),39.0764053,-76.8502942,13600 LAUREL BOWIE RD,LAUREL,MD,20708
LINSYS HISPANIC STORE,39.2849043,-76.7571177,6400 BALTIMORE NATIONAL PIKE SUITE 100 B,CATONSVILLE,MD,21228
MULTI ENVIOS (WISTERIA DR),39.171677,-77.2612591,12619 WISTERIA DR STE D,GERMANTOWN,MD,20874
EL REY DELI MARKET,39.162369,-77.2802521,13531 CLOPPER RD,GERMANTOWN,MD,20874
NAZARENO MARKET,39.1779732,-77.2381577,19609 FREDERICK RD,GERMANTOWN,MD,20876
LA CARRETA GROCERY,39.1638134,-77.225494,18749 N FREDERICK AVE STE IJ,GAITHERSBURG,MD,20879
MULTI ENVIOS (MONTGOMERY VILLAGE AVE),39.1707653,-77.2056666,19110 MONTGOMERY VILLAGE AVE STE 100,MONTGOMERY VILLAGE,MD,20886
SUPER EXPRESS TRAVEL,39.1465359,-77.2056847,424 N FREDERICK AVE STE 4,GAITHERSBURG,MD,20877
EVERPAYER VI,39.1465902,-77.2037445,405 N FREDERICK AVE STE A,GAITHERSBURG,MD,20877
IMPACTO TRANSFERS,39.1555837,-77.1988483,18222 CONTOUR RD # 2623,MONTGOMERY VILLAGE,MD,20877
ZODIAC SOCCER EXPRESS,39.1537117,-77.1985564,9667 LOST KNIFE RD,GAITHERSBURG,MD,20877
LATINO MARKET GROCERY (GAITHERSBURG),39.1422097,-77.1978938,12 E DIAMOND AVE STE JK,GAITHERSBURG,MD,20877
CONTINENTAL EXPRESS (SILVER SPRING),38.9979345,-77.0028713,8515 PINEY BRANCH RD,SILVER SPRING,MD,20901
MORENA SERVICES (SILVER SPRING),38.9990033,-77.0025789,8536 PINEY BRANCH RD,SILVER SPRING,MD,20901
EVERPAYER IV,39.0006075,-76.995157,632 UNIVERSITY BLVD E,SILVER SPRING,MD,20901
PAMELAS MULTI SERVICES (MD),38.9906991,-76.9880753,7970 NEW HAMPSHIRE AVE,HYATTSVILLE,MD,20783
DISCOCENTRO ZODIAC,38.9909373,-76.9880009,7986 NEW HAMPSHIRE AVE,HYATTSVILLE,MD,20783
MULTISERVICES UNIVERSAL (TAKOMA PARK),38.987601,-76.9873027,7663 NEW HAMPSHIRE AVE,TAKOMA PARK,MD,20912
EVERPAYER VIII,38.9889699,-76.9856975,7901 NEW HAMPSHIRE AVE,HYATTSVILLE,MD,20783
JR WIRELESS ACCESSORIES (TAKOMA PARK),38.9862484,-76.9868926,7601 NEW HAMPSHIRE AVE,TAKOMA PARK,MD,20912
JOCELYNS MARKET,38.9678018,-77.0278276,6404 GEORGIA AVE NW,WASHINGTON,DC,20012
MORENA SERVICES (HYATTSVILLE),38.9858925,-76.9843701,1401 UNIVERSITY BLVD E UNIT G27,HYATTSVILLE,MD,20783
LA BENDICION MARKET (WALDORF),38.6035652,-76.9115792,363 SMALLWOOD DR,WALDORF,MD,20602
TIENDA Y CARNICERIA LOS COMPADRES #2,38.5910666,-76.9423629,4429 CRAIN HWY,WHITE PLAINS,MD,20695
J&A ENVIOS EXPRESS 2,38.5908324,-76.9431525,4459 CRAIN HWY,WHITE PLAINS,MD,20695
LA TIENDONA GROCERY (MD),38.6172633,-76.8922821,3655 LEONARDTOWN RD,WALDORF,MD,20601
TIENDA KARINA SPANISH MARKET (WALDORF),38.6332181,-76.9004313,11764 CENTRAL AVE,WALDORF,MD,20601
TIENDA Y CARNICERIA LOS COMPADRES (WALDORF),38.6441247,-76.892415,2419 CRAIN HWY,WALDORF,MD,20601
LA BENDICION MARKET 2,38.6297188,-77.0748723,3105 MARSHALL HALL ROAD,BRYANS ROAD,MD,20616
TIENDA LATINA REGALO DE DIOS,38.7547468,-76.9201794,9810 PISCATAWAY RD,CLINTON,MD,20735
NUEVA SUPER MARKET,38.7663668,-76.8981006,9004B OLD BRANCH AVE,CLINTON,MD,20735
SALINAS ORIENTAL STORE,38.7632364,-77.0059848,9205 OXON HILLS RD,FORT WASHINGTON,MD,20744
BRASIL BRAZIL,42.3695436,-71.0393025,31 MAVERICK SQ,EAST BOSTON,MA,2128
GIRLETATA BOUTIQUE (LONDON),42.3733168,-71.0387498,119 LONDON STREET,EAST BOSTON,MA,2128
52 BENNINGTON LAUNDRY CLUB,42.3757844,-71.0371248,52 BENNINGTON ST,BOSTON,MA,2128
VITORIA MEAT MARKET (EAST BOSTON),42.3782739,-71.0286793,353 CHELSEA ST,EAST BOSTON,MA,2128
SUPER AHORROS MARKET,42.3791977,-71.0282913,300 BENNINGTON ST,EAST BOSTON,MA,2128
TONY MULTISERVICE,42.3872285,-71.0830416,94 BROADWAY,SOMERVILLE,MA,2145
SULAMERICA ENTERPRISE (SOMERVILLE),42.3881923,-71.0843415,135 BROADWAY,SOMERVILLE,MA,2145
ANA PERFUMES & MORE,42.3881923,-71.0843415,135 BROADWAY,SOMERVILLE,MA,2145
BRAZIL STARR,42.3815399,-71.0973075,29 BOW ST,SOMERVILLE,MA,2143
LATINO EXPRESS (CHELSEA),42.390857,-71.0383427,7 EVERETT AVE,CHELSEA,MA,2150
BIG BOI MEAT MARKET,42.260445,-71.8069879,43 CHANDLER ST,WORCESTER,MA,1609
CB BAKERY,42.2716799,-71.7925949,108 BELMONT STREET,WORCESTER,MA,1605
MINAS MARKET,42.2330568,-71.7947522,35 BLACKSTONE RIVER RD,WORCESTER,MA,1607
LINCOLN MINI MARKET,42.3440396,-71.5631254,536 LINCOLN ST,MARLBOROUGH,MA,1752
BROTHERS MARKET COMPANY,42.3470382,-71.5574419,373 LINCOLN ST,MARLBOROUGH,MA,1752
INFOCELL COMPUTER,42.3467811,-71.5499217,199 MAIN ST,MARLBOROUGH,MA,1752
EVERYTHING CELLULAR,42.3469414,-71.5480686,147 MAIN ST,MARLBOROUGH,MA,1752
BLACK BULL MEAT MARKET (WEBSTER),42.0594976,-71.8647079,128 MAIN ST,WEBSTER,MA,1570
DELANAS BAKERY,42.3473339,-71.5442949,44 MAIN ST,MARLBOROUGH,MA,1752
REI DO GADO MARKET,42.3910651,-71.5650946,157 MAIN ST,HUDSON,MA,1749
ALENDAS INTERNATIONAL MULTI-SERVICES (MA),42.1125046,-72.5619339,878 STATE ST,SPRINGFIELD,MA,1109
ENFIELD SERVICIOS INTERNACIONALES,41.9959831,-72.5990455,77 PEARL ST,ENFIELD,CT,6082
VERAS PEREZ MARKET,42.0775551,-72.0323843,101 CENTRAL ST,SOUTHBRIDGE,MA,1550
LA FAVORITA MARKET (ALLSTON),42.3539655,-71.1320595,66 HARVARD AVE # A,ALLSTON,MA,2134
SKY BRAZ STORE,42.3915818,-71.0994292,415E MEDFORD ST,SOMERVILLE,MA,2145
DT EXPRESS,42.3917789,-71.0923268,288 BROADWAY,SOMERVILLE,MA,2145
VITORIA MEAT MARKET (MEDFORD),42.409986,-71.0794668,217 MIDDLESEX AVE,MEDFORD,MA,2155
ANGELINAS TRAVEL (MA),42.6371229,-71.3056791,671 CENTRAL ST,LOWELL,MA,1852
MINAS IMPORIO AND CAFE,42.6353565,-71.3033128,457 LAWRENCE ST,LOWELL,MA,1852
ATS ENTERPRISE,42.6362876,-71.3513092,1653 MIDDLESEX ST UNIT B2,LOWELL,MA,1851
CFR MULTI SERVICES,42.6142688,-71.240507,853 MAIN ST STE 201,TEWKSBURY,MA,1876
LA NENA SUPERMARKET (MA),42.7038825,-71.1800313,64 MILTON ST,LAWRENCE,MA,1841
JAE MULTISERVICES,42.7065163,-71.1701403,255A LOWELL ST,LAWRENCE,MA,1840
PANADERIA EL CHAPIN,42.708727,-71.1713264,265 BROADWAY,LAWRENCE,MA,1841
ELEGANTE FASHION,42.7101806,-71.1725531,317 BROADWAY,LAWRENCE,MA,1841
PAULA EXPRESS,42.7146292,-71.1761589,491 BROADWAY,LAWRENCE,MA,1841
ESMALTADO NAIL EXPRESS SERVICE,42.7122001,-71.1689834,293 HAMPSHIRE ST UNIT 1,LAWRENCE,MA,1841
LOS ENVIOS,42.3167849,-83.1038617,5811 VERNOR HWY,DETROIT,MI,48209
LA POSADA,42.309335,-83.1252457,1930 SPRINGWELLS ST,DETROIT,MI,48209
HOQUE FASHION,42.3986746,-83.0635962,2373 CANIFF ST,HAMTRAMCK,MI,48212
ROYAL MART,42.4000146,-83.0604886,11325 JOSEPH CAMPAU ST,HAMTRAMCK,MI,48212
QUIXEND MONEY TRANSFER,42.4063172,-83.0555537,11921 CONANT ST STE B,HAMTRAMCK,MI,48212
US MOBILE,42.407513,-83.05651,12111 CONANT ST,HAMTRAMCK,MI,48212
LA POSADA 2,42.227414,-83.1805275,3927 FORT ST,LINCOLN PARK,MI,48146
TM ASSOCIATE AFRICAN MARKET,42.4150128,-83.2509771,21308 W MCNICHOLS RD,DETROIT,MI,48219
ALI INTERNATIONAL SUPERMARKET,42.5270594,-83.0675971,31850 RYAN RD,WARREN,MI,48092
SUPERMERCADO EL JALISCO,42.4094349,-83.3356242,16705 MIDDLEBELT RD,LIVONIA,MI,48154
TIENDA LA BENDICION (MI),42.9397902,-85.6668908,1260 DIVISION AVE S,GRAND RAPIDS,MI,49507
GIRASOL STORE,42.9307455,-85.6666347,1814 DIVISION AVE S,GRAND RAPIDS,MI,49507
MIS ENVIOS EXPRESS (PC1),42.9138402,-85.6805023,551 28TH ST SW UNIT 2,WYOMING,MI,49509
DEBORAH MULTISERVICES,42.9107989,-85.6642766,2850 DIVISION AVE S,WYOMING,MI,49548
LA PATRONA,42.8755752,-85.6639963,4830 DIVISION AVE S,KENTWOOD,MI,49548
CONKLIN MINI MARKET (RP),43.1279301,-85.8822037,19705 MAIN ST,CONKLIN,MI,49403
CONKLIN MINI MARKET (PC),43.1279301,-85.8822037,19705 MAIN ST,CONKLIN,MI,49403
DULCERIA IZEL (RP),42.8124696,-86.1199126,285 JAMES ST SUITE 6,HOLLAND,MI,49424
DULCERIA IZEL (PC),42.8124696,-86.1199126,285 JAMES ST SUITE 6,HOLLAND,MI,49424
MI FAVORITA GROCERY,42.7823555,-86.1005224,408 COLUMBIA AVENUE,HOLLAND,MI,49423
TULTECA,42.5991287,-82.898389,420 CASS AVE,MOUNT CLEMENS,MI,48043
EL PUEBLO (MI),42.7310176,-83.0358649,59390 VAN DYKE RD,WASHINGTON,MI,48094
CARNIVAL MARKET (PC),42.6788238,-83.2603019,1101 E WALTON BLVD SUITE 201,PONTIAC,MI,48340
CASA DE ENVIOS (RP),42.6597413,-83.2996309,812 BALDWIN AVE,PONTIAC,MI,48340
CASA DE ENVIOS (PC),42.6597413,-83.2996309,812 BALDWIN AVE,PONTIAC,MI,48340
TIENDA LA LIBERTAD LIBERTY MARKET,42.2737306,-83.7771451,2231 W LIBERTY ST,ANN ARBOR,MI,48103
ENVIOS LATINOS (MI),42.2447244,-83.6989394,3060 PACKARD ST STE E,ANN ARBOR,MI,48108
WASHTENAW FUEL,42.2498364,-83.6615854,4970 WASHTENAW AVE,ANN ARBOR,MI,48108
LATIN AMERICAN GROCERY STORE,42.2474656,-83.6416387,1793 WASHTENAW RD,YPSILANTI,MI,48197
LA CASA LATINA (YPSILANTI) RP,42.2408425,-83.6056979,308 E MICHIGAN AVE,YPSILANTI,MI,48198
LA CASA LATINA (YPSILANTI) PC,42.2408425,-83.6056979,308 E MICHIGAN AVE,YPSILANTI,MI,48198
LA ESTRELLA DEL SUR II,42.5876441,-83.8732278,903 S LATSON RD,HOWELL,MI,48843
EL CHUCHI MARKET,44.9481896,-93.2646099,707 E LAKE ST,MINNEAPOLIS,MN,55407
CHACHI FASHION & MULTISERVICES,44.9481836,-93.2694619,417 E LAKE ST SUITE 66,MINNEAPOLIS,MN,55408
LATIN INTERNACIONAL ENVIOS,44.94817,-93.2708234,339 E LAKE STREET,MINNEAPOLIS,MN,55408
EL SOL MULTISERVICES (MN),44.9488093,-93.2824645,224 W LAKE ST STE C,MINNEAPOLIS,MN,55408
LG TRAVEL AND SHIPPING,45.007797,-93.2476539,1854 CENTRAL AVE NE,MINNEAPOLIS,MN,55418
EL TREBOL EXPRESS,45.0106899,-93.2469655,2223 CENTRAL AVE NE STE 3,MINNEAPOLIS,MN,55418
ELEKTRA,45.0111668,-93.2476012,2306 CENTRAL AVE NE,MINNEAPOLIS,MN,55418
LOS GALLOS 7,44.93624,-93.2776832,3645 NICOLLET AVE,MINNEAPOLIS,MN,55409
EZ EXCHANGE,45.0583333,-93.2468999,4931 CENTRAL AVE NE,COLUMBIA HEIGHTS,MN,55421
ENVIO LATINO,44.8840226,-93.2550821,6539 14TH AVE S,RICHFIELD,MN,55423
NUNEZ FASHION & GIFT SHOP,44.9625302,-93.0650517,843 7TH ST E,SAINT PAUL,MN,55106
NUNEZ FASHION & GIFT SHOP #2,44.9792761,-93.1057395,1264 RICE ST,SAINT PAUL,MN,55117
MINI SUPER LA CHIQUIS (MN),44.9811798,-93.1055851,1328 RICE ST,SAINT PAUL,MN,55117
LA BENDICION 3,44.9654827,-93.0249851,800 WHITE BEAR AVE N,SAINT PAUL,MN,55106
EL GALLO MEXICAN GROCERY,43.998111,-92.429326,2245 PARK LN SE,ROCHESTER,MN,55904
ENVIOS UNI2,44.8585941,-93.2779475,7925 NICOLLET AVE S,BLOOMINGTON,MN,55420
LA PAZ MARKET Y MAS,44.8149417,-93.21038,3902 CEDAR GROVE PKWY,EAGAN,MN,55122
LOS GALLOS,44.7479794,-93.304863,2014 COUNTY ROAD 42 W,BURNSVILLE,MN,55337
LA PAZ MARKET Y MAS 1,44.7473207,-93.3042937,2006 COUNTY ROAD 42 W,BURNSVILLE,MN,55337
LA BENDICION (MN),44.7465849,-93.3315047,4038 EGAN DR,SAVAGE,MN,55378
LA BAMBA BAKERY & GROCERY,44.9238546,-93.4276734,4 SHADY OAK RD S SUITE 4,HOPKINS,MN,55343
MEAT MARKET VALDEZ (RP),32.2895315,-90.2237979,2275 HIGHWAY 80 W,JACKSON,MS,39204
MEAT MARKET VALDEZ (PC),32.2895315,-90.2237979,2275 HIGHWAY 80 W,JACKSON,MS,39204
EL PAN DULCE BAKERY,32.280121,-90.1293907,454 N BIERDEMAN RD,JACKSON,MS,39208
CARNICERIA VALDEZ (CANTON),32.40052,-90.1085936,6530 OLD CANTON RD,RIDGELAND,MS,39157
TIENDA LATINA SOLIS,31.9890453,-90.3640598,506 W MARION AVE STE J,CRYSTAL SPRINGS,MS,39059
TIENDA EL DORADO,32.3314511,-89.6646906,571 OLD HIGHWAY 13 S,MORTON,MS,39117
MARIAS MERCADO,32.3501166,-89.6560675,155 HIGHWAY 481 S,MORTON,MS,39117
CARNICERIA Y TAQUERIA 2 HERMANOS (RP),31.8741909,-90.3965059,150 TRADE CENTER LN,HAZLEHURST,MS,39083
CARNICERIA Y TAQUERIA 2 HERMANOS (PC),31.8741909,-90.3965059,150 TRADE CENTER LN,HAZLEHURST,MS,39083
EL CARIBE LATINO,30.3806439,-89.0846644,1820 PASS RD,GULFPORT,MS,39501
MI TIENDITA (MS),30.3846394,-89.073246,1223 PASS RD STE E,GULFPORT,MS,39501
ANITAS MINI MARKET,30.3860502,-89.0689112,1015 PASS ROAD #D,GULFPORT,MS,39501
EL CARIBE LATINO (MS),30.4009885,-89.0031731,2318 E PASS RD,GULFPORT,MS,39507
TIENDA FELI,30.4490883,-89.059548,13211 DEDEAUX RD STE 4,GULFPORT,MS,39503
MERCADO SANTA FE (MS),30.3994066,-88.9918254,288 EISENHOWER DR,BILOXI,MS,39531
TRAJES TIPICOS SANDRITA LA MODA,30.3690198,-88.5262198,3415 CHICOT ST,PASCAGOULA,MS,39581
LAS AMERICAS 2 (PASCAGOULA),30.3710713,-88.526135,3615 CHICOT ST,PASCAGOULA,MS,39581
LA ESCONDIDA (HATTIESBURG),31.335464,-89.307183,608 W 7TH ST,HATTIESBURG,MS,39401
TIENDA MEXICANA LA FAMILIA (MS),31.3469148,-89.2660792,138 W CENTRAL AVE,PETAL,MS,39465
LOS GUEROS,31.346549,-89.2617266,114 E CENTRAL AVE STE A,PETAL,MS,39465
LA JAROCHITA (LAUREL),31.7267907,-89.1480472,2920 HIGHWAY 15 N,LAUREL,MS,39440
SABOR LATINO RESTAURANT & BAKERY,31.2467415,-89.8008403,1213 HIGHWAY 98 BYP,COLUMBIA,MS,39429
MIKE'S MARKET,35.0553458,-89.9306113,3991 LAMAR AVE,MEMPHIS,TN,38118
GUATEMALA 502,35.0519483,-89.9195759,4322 WINCHESTER RD,MEMPHIS,TN,38118
Z NATIONAL MARKET,35.0741176,-89.9322034,2741 GETWELL RD,MEMPHIS,TN,38118
PANADERIA Y TAQUERIA SAN JUAN,35.0743658,-89.9078202,4672 AMERICAN WAY,MEMPHIS,TN,38118
LATINO CITY MARKET,35.0917858,-89.9304657,1460 GETWELL RD STE 105,MEMPHIS,TN,38111
GUATEMALA 502 (2),35.0982583,-89.9315421,1217 GETWELL RD,MEMPHIS,TN,38111
GUATEMALA 502 (MEMPHIS),35.1482528,-89.9088944,4569 SUMMER AVENUE,MEMPHIS,TN,38122
AB LATINO SERVICES,35.1490597,-89.9089319,4556 SUMMER AVE,MEMPHIS,TN,38122
FRIDA MARKET,39.0802231,-94.4330916,1310 W 23RD ST,INDEPENDENCE,MO,64050
ECONOMIC SHOP,38.5941948,-90.2309552,2823 CHEROKEE ST,SAINT LOUIS,MO,63118
LINDO MICHOACAN,38.5846079,-90.2762921,4932 CHRISTY BLVD,SAINT LOUIS,MO,63116
EL POTRO,38.6166276,-90.3076293,6922 MANCHESTER AVE,SAINT LOUIS,MO,63143
LA ESQUINITA CORPORATION (RP),38.6587725,-90.0489694,8505 COLLINSVILLE RD,COLLINSVILLE,IL,62234
LA ESQUINITA CORPORATION (PC),38.6587725,-90.0489694,8505 COLLINSVILLE RD,COLLINSVILLE,IL,62234
EL MEXIQUENSE (MO),38.7012191,-90.3666789,9521 LACKLAND RD,OVERLAND,MO,63114
LA TIENDA INTERNATIONAL,38.5060015,-90.323246,7459 S LINDBERGH BLVD,SAINT LOUIS,MO,63125
ANNAS PLAZA LATINA 3,38.7041611,-90.4054866,11080 MIDLAND BLVD,SAINT LOUIS,MO,63114
ANNAS PLAZA LATINA,38.7233579,-90.4078942,10725 MARGATEHALL DR,BRIDGETON,MO,63044
EL MEXIQUENSE MARKET,38.7874863,-90.5158368,1009 S DUCHESNE DR,SAINT CHARLES,MO,63301
WOMMACKS SUPERMERCADO,37.2209657,-93.2981771,1130 N GRANT AVE,SPRINGFIELD,MO,65802
LATINO MARKET (MO),37.2095669,-93.2642908,1661 E SAINT LOUIS ST,SPRINGFIELD,MO,65802
EXXTRA MARKET,36.6451263,-93.2857254,3515 W 76 COUNTRY BLVD STE 105,BRANSON,MO,65616
MEXICAN STORE ANA MARIA AND MEAT MARKET,36.6441653,-93.1966977,1315 W HIGHWAY 76,BRANSON,MO,65616
LETICIAS FASHIONS (RP),36.9240579,-93.9158087,1010 E BOND ST,MONETT,MO,65708
LOS COMALES MEXICAN STORE,38.9607957,-92.2843932,3510 INTERSTATE 70 DR SE STE B,COLUMBIA,MO,65201
LA COMADRE MARKET,38.6301865,-92.5667473,311 S OAK ST,CALIFORNIA,MO,65018
LA TIENDITA EL TAPATIO,38.5850851,-92.2530707,3600 COUNTRY CLUB DR STE 424,JEFFERSON CITY,MO,65109
LA PLACITA (MISSOURI) RP,38.5798475,-92.1949002,1418 MISSOURI BLVD STE BB,JEFFERSON CITY,MO,65109
LA PLACITA (MISSOURI) PC,38.5798475,-92.1949002,1418 MISSOURI BLVD STE BB,JEFFERSON CITY,MO,65109
TACOS EL MERCADITO,38.9089236,-94.3616285,531 SE MELODY LN,LEES SUMMIT,MO,64063
LA HUERTA FOOD AND FLOWERS,38.9141097,-94.5126598,6845 LONGVIEW RD,KANSAS CITY,MO,64134
LA FAMILIAR,38.9010289,-94.5331191,12400 BLUE RIDGE EXT STE B,GRANDVIEW,MO,64030
EL MERCADITO (BOZEMAN),45.671784,-111.1825201,7710 SHEDHORN DR STE D,BOZEMAN,MT,59718
MI RANCHO RESTAURANT SUPPLY,45.7756271,-111.1755552,103 E MAIN ST STE 4,BELGRADE,MT,59714
ABARROTES EL SOL DE MEXICO,41.2521904,-95.9605011,3205 LEAVENWORTH ST,OMAHA,NE,68105
ABARROTES LA BENDICION,41.2396928,-95.9417174,1920 DORCAS ST STE 101,OMAHA,NE,68108
ABARROTES EBEN-EZER (OMAHA),41.2337671,-95.9395468,1724 VINTON ST,OMAHA,NE,68108
ABARROTES RETALTECA,41.2675961,-95.9790855,4401 CUMING ST,OMAHA,NE,68131
FIERRO SERVICES,41.2623013,-95.8920849,2930 W BROADWAY,COUNCIL BLUFFS,IA,51501
ABAROTES LOS PAISANOS,41.2204613,-95.9475062,4012 S 24TH ST STE A,OMAHA,NE,68107
MAYA MARKET,41.2128396,-95.9566164,2910 K ST STE C,OMAHA,NE,68107
ABARROTES SHADDAI,41.2108875,-95.9477621,2413 M ST,OMAHA,NE,68107
ABARROTES ALBA,41.2093126,-95.9484113,4909 S 25TH ST,OMAHA,NE,68107
TIKAL MARKET III,41.20722,-95.947723,5034 S 24TH ST,OMAHA,NE,68107
LA ILUCION,40.8043344,-96.7023707,916 S 13TH ST,LINCOLN,NE,68508
AMPARITOS MARKET,40.8201395,-96.6820441,648 N 27TH ST,LINCOLN,NE,68503
MAYA MARKET (LINCOLN),40.8421502,-96.6828969,2949 N 27TH ST STE 100,LINCOLN,NE,68521
VARIEDADES EBENEZER,40.625461,-96.959382,248 E 13TH ST STE 1,CRETE,NE,68333
BERAKA IMPORTS,41.1718339,-96.1215436,13239 PORTAL DR STE 102,OMAHA,NE,68138
LA ESMERALDA (OMAHA),41.2051309,-95.9618027,3215 Q ST STE C,OMAHA,NE,68107
LA ECONOMICA (NE),41.2023533,-95.9675868,5520 S 36TH ST,OMAHA,NE,68107
PANADERIA EL PARAISO,41.2052412,-95.9716444,3811 Q ST,OMAHA,NE,68107
ATITLAN MARKET,41.2056067,-95.9724881,3920 Q ST,OMAHA,NE,68107
TIPICOS CURIOSIDADES YOLI,41.2124295,-95.9739286,4037 L ST UNIT 1,OMAHA,NE,68107
XOYITA MARKET Y TAQUERIA,40.9278387,-98.3437613,216 W 4TH ST,GRAND ISLAND,NE,68801
VARIEDADES ESPERANZA (WALNUT),40.9269291,-98.3452524,386 N WALNUT ST,GRAND ISLAND,NE,68801
TA LATINO CHECK CASHING,40.9272875,-98.345445,402 W 4TH ST,GRAND ISLAND,NE,68801
MABID MARKET,40.9252022,-98.3477131,363 N CLEBURN ST,GRAND ISLAND,NE,68801
CENTRAL MARKET PRODUCE INC,40.8761592,-98.2047427,501 W US HIGHWAY 34,PLANO,IL,60545
ENVIOS MI LUPITA,36.1938622,-115.2072346,1953 N DECATUR BLVD,LAS VEGAS,NV,89108
MUNDO LATINO SERVICES (NV),36.1879203,-115.2077432,4907 VEGAS DR STE 160,LAS VEGAS,NV,89108
CARNICERIA GUADALAJARA (NV),36.2383245,-115.1550565,955 W CRAIG RD STE 117,NORTH LAS VEGAS,NV,89032
LAS TAPATIAS (LAS VEGAS),36.159248,-115.2249487,6132 W CHARLESTON BLVD,LAS VEGAS,NV,89146
ALEGRIA MUSICAL (LAS VEGAS),36.1789994,-115.1804881,2917 W WASHINGTON AVE STE 5,LAS VEGAS,NV,89107
FOFANA IMPORTS 1,36.1586112,-115.1931462,3913 W CHARLESTON BLVD,LAS VEGAS,NV,89102
MARIANAS (SAHARA AVE),36.1439728,-115.1981097,4227 W SAHARA AVE,LAS VEGAS,NV,89102
BAYANI EXPRESS SERVICES,36.159811,-115.1717433,2202 W CHARLESTON BLVD STE 16,LAS VEGAS,NV,89102
LIBRERIA SHALOM (NV),36.2164106,-115.1206479,2045 E CHEYENNE AVE STE 130,NORTH LAS VEGAS,NV,89030
LA ECONOMICA 99 SUPER STORE,36.1313155,-115.2071536,4860 W DESERT INN RD STE 4,LAS VEGAS,NV,89102
EL MUNDO LATINO II (RENO),39.5116295,-119.803562,1401 S WELLS AVE,RENO,NV,89502
LA FAMILIA MINI MART,39.5062951,-119.7972126,475 E PLUMB LN,RENO,NV,89502
LA PREFERIDA (NV),39.4993222,-119.7957767,206 LINDEN ST STE C,RENO,NV,89502
MORELOS WIRELESS (NV),39.5369128,-119.7696638,1945 PRATER WAY,SPARKS,NV,89431
PAQUETERIA PAISANOS DE LA BARCA JALISCO,39.4941393,-119.7898804,570 GENTRY WAY,RENO,NV,89502
LA BARCA MONEY SERVICES,39.6258894,-119.8826637,10603 STEAD BLVD STE 1,RENO,NV,89506
BONETERIA ROSITA,39.2357844,-120.0207422,8645 D NORTH LAKE BLVD,KINGS BEACH,CA,96143
EL MUNDO LATINO (CARSON CITY),39.1708863,-119.7592412,910 E WILLIAM ST,CARSON CITY,NV,89701
MI PUEBLITO MARKET (TRUCKEE),39.3216856,-120.2102722,11430 DEERFIELD DR STE B4,TRUCKEE,CA,96161
JOSHAN FILIPINO ORIENTAL MARKET,36.0875585,-115.0049215,6325 E RUSSELL RD STE 105,LAS VEGAS,NV,89122
LA JEREZANA,36.1010948,-115.0633264,5020 E TROPICANA AVE UNIT A-8,LAS VEGAS,NV,89122
ARIAS MULTISERVICIOS,36.1158787,-115.0902637,3870 E FLAMINGO RD STE A3,LAS VEGAS,NV,89121
ENVIOS EL PARAISO,36.1447214,-115.0670343,4974 E SAHARA AVE STE 3,LAS VEGAS,NV,89104
ENVIOS EL REY,36.1304166,-115.1062644,3160 E DESERT INN RD STE 11,LAS VEGAS,NV,89121
LA TIENDITA 2,36.0979063,-115.1364683,5006 S MARYLAND PKWY STE 15,LAS VEGAS,NV,89119
SUPER DUPER SMOKE SHOP (LAS VEGAS),36.0988246,-115.13617,5006 S MARYLAND PKWY STE 8,LAS VEGAS,NV,89119
LA LLAVE NATURAL,36.1593678,-115.0613324,5130 E CHARLESTON BLVD STE 1,LAS VEGAS,NV,89142
MAIL BOX & GIFT GALLERY,36.1001146,-115.1393762,1101 E TROPICANA AVE PMB 1101,LAS VEGAS,NV,89119
EL PAISA ENVIOS,36.1302609,-115.1195721,2300 E DESERT INN RD STE 1,LAS VEGAS,NV,89169
ENVIOS DE PRIMERA 2,36.2042424,-115.1156009,2450 N LAS VEGAS BLVD,NORTH LAS VEGAS,NV,89030
SINALOENSE MULTISERVICES,36.1961034,-115.1103827,2740 E LAKE MEAD BLVD,NORTH LAS VEGAS,NV,89030
EL PORVENIR MARKET,36.1960631,-115.1060026,3100 E LAKE MEAD BLVD STE 5,NORTH LAS VEGAS,NV,89030
LA FERIA ENVIOS 2,36.1859807,-115.1159732,1424 N EASTERN AVE,LAS VEGAS,NV,89101
ROJAS PRODUCE (RP),36.1961961,-115.1014482,3424 E LAKE MEAD BLVD STE F,LAS VEGAS,NV,89030
ROJAS PRODUCE (PC),36.1961961,-115.1014482,3424 E LAKE MEAD BLVD STE F,LAS VEGAS,NV,89030
ANAS TAX SERVICES,36.1952289,-115.1004217,3455 E LAKE MEAD BLVD STE 2,NORTH LAS VEGAS,NV,89030
AAA SERVICES,36.2145837,-115.0975717,3128 LAS VEGAS BLVD N STE 3,LAS VEGAS,NV,89115
MARIANAS (LAS VEGAS),36.1756624,-115.1165377,705 N EASTERN AVE,LAS VEGAS,NV,89101